route,status,indexability,reason
/,review,noindex,Full source verification and owner approval required before indexing
/catalog/,review,noindex,Full source verification and owner approval required before indexing
/catalog/chigo/,review,noindex,Full source verification and owner approval required before indexing
/catalog/haier/,review,noindex,Full source verification and owner approval required before indexing
/catalog/jax/,review,noindex,Full source verification and owner approval required before indexing
/catalog/rovex/,review,noindex,Full source verification and owner approval required before indexing
/catalog/vickers/,review,noindex,Full source verification and owner approval required before indexing
/catalog/chigo/sunrise-inverter-268/,review,noindex,Full source verification and owner approval required before indexing
/catalog/chigo/alba-inverter-150/,review,noindex,Full source verification and owner approval required before indexing
/catalog/chigo/king-inverter-172/,review,noindex,Full source verification and owner approval required before indexing
/catalog/chigo/lotos-on-off-169/,review,noindex,Full source verification and owner approval required before indexing
/catalog/chigo/moon-on-off-181/,review,noindex,Full source verification and owner approval required before indexing
/catalog/haier/jade-super-match/,review,noindex,Full source verification and owner approval required before indexing
/catalog/haier/flexis-super-match/,review,noindex,Full source verification and owner approval required before indexing
/catalog/haier/stellar-hp-minus-20/,review,noindex,Full source verification and owner approval required before indexing
/catalog/haier/flexis-on-off/,review,noindex,Full source verification and owner approval required before indexing
/catalog/haier/coral-dc-inverter/,review,noindex,Full source verification and owner approval required before indexing
/catalog/haier/coral-on-off/,review,noindex,Full source verification and owner approval required before indexing
/catalog/haier/tundra-dc-inverter/,review,noindex,Full source verification and owner approval required before indexing
/catalog/haier/tundra-on-off/,review,noindex,Full source verification and owner approval required before indexing
/catalog/haier/quantum-inverter/,review,noindex,Full source verification and owner approval required before indexing
/catalog/haier/quantum-on-off/,review,noindex,Full source verification and owner approval required before indexing
/catalog/haier/leader-a/,review,noindex,Full source verification and owner approval required before indexing
/catalog/jax/murray-acy-he-r32-new/,review,noindex,Full source verification and owner approval required before indexing
/catalog/jax/hayman-aci-he-neo-r32/,review,noindex,Full source verification and owner approval required before indexing
/catalog/jax/brisbane-aciu-he-r32/,review,noindex,Full source verification and owner approval required before indexing
/catalog/jax/tasmania-acn-he-r32/,review,noindex,Full source verification and owner approval required before indexing
/catalog/jax/melbourne-acm-he/,review,noindex,Full source verification and owner approval required before indexing
/catalog/jax/york-ace-he-neo/,review,noindex,Full source verification and owner approval required before indexing
/catalog/jax/adelaide-aci-he/,review,noindex,Full source verification and owner approval required before indexing
/catalog/jax/darwin-ack-he/,review,noindex,Full source verification and owner approval required before indexing
/catalog/rovex/smart-pro-rs-pxi6-pro/,review,noindex,Full source verification and owner approval required before indexing
/catalog/rovex/smart-rs-pxi6/,review,noindex,Full source verification and owner approval required before indexing
/catalog/rovex/star-s-abs-he-s/,review,noindex,Full source verification and owner approval required before indexing
/catalog/rovex/star-n-abs-he-n/,review,noindex,Full source verification and owner approval required before indexing
/catalog/rovex/rich-rs-muin1/,review,noindex,Full source verification and owner approval required before indexing
/catalog/rovex/megapolis-rs-cbs4/,review,noindex,Full source verification and owner approval required before indexing
/catalog/rovex/city-pro-rs-cst4-pro/,review,noindex,Full source verification and owner approval required before indexing
/catalog/rovex/city-rs-cst4/,review,noindex,Full source verification and owner approval required before indexing
/catalog/rovex/mira-s-ast-he-s/,review,noindex,Full source verification and owner approval required before indexing
/catalog/rovex/mira-n-ast-he-n/,review,noindex,Full source verification and owner approval required before indexing
/catalog/rovex/grace-rs-mst1/,review,noindex,Full source verification and owner approval required before indexing
/catalog/rovex/cst-5-unite/,review,noindex,Full source verification and owner approval required before indexing
/catalog/rovex/cst5-pro/,review,noindex,Full source verification and owner approval required before indexing
/catalog/rovex/rs-cbs5-pro/,review,noindex,Full source verification and owner approval required before indexing
/catalog/vickers/rook-vch-he/,review,noindex,Full source verification and owner approval required before indexing
/catalog/vickers/tanya/,review,noindex,Full source verification and owner approval required before indexing
/catalog/vickers/tanya-max/,review,noindex,Full source verification and owner approval required before indexing
/catalog/vickers/vera-max-vg-he-max/,review,noindex,Full source verification and owner approval required before indexing
/catalog/vickers/vera-vg-he/,review,noindex,Full source verification and owner approval required before indexing
/catalog/vickers/viking-ve-he/,review,noindex,Full source verification and owner approval required before indexing
/catalog/chigo/sunrise-inverter-268/cs-25v3g-1k268-belyy/,draft,noindex,Full source verification and owner approval required before indexing
/catalog/chigo/sunrise-inverter-268/cs-25v3g-1k268-chernyy/,draft,noindex,Full source verification and owner approval required before indexing
/catalog/chigo/sunrise-inverter-268/cs-35v3g-1k268-belyy/,draft,noindex,Full source verification and owner approval required before indexing
/catalog/chigo/sunrise-inverter-268/cs-35v3g-1k268-chernyy/,draft,noindex,Full source verification and owner approval required before indexing
/catalog/chigo/alba-inverter-150/cs-21v3a-b150/,draft,noindex,Full source verification and owner approval required before indexing
/catalog/chigo/alba-inverter-150/cs-25v3a-b150/,draft,noindex,Full source verification and owner approval required before indexing
/catalog/chigo/alba-inverter-150/cs-35v3a-1c150/,draft,noindex,Full source verification and owner approval required before indexing
/catalog/chigo/alba-inverter-150/cs-51v3a-1b150/,draft,noindex,Full source verification and owner approval required before indexing
/catalog/chigo/alba-inverter-150/cs-61v3a-1d150/,draft,noindex,Full source verification and owner approval required before indexing
/catalog/chigo/king-inverter-172/cs-25v3a-1c172-belyy/,draft,noindex,Full source verification and owner approval required before indexing
/catalog/chigo/king-inverter-172/cs-25v3a-1c172-chernyy/,draft,noindex,Full source verification and owner approval required before indexing
/catalog/chigo/king-inverter-172/cs-35v3a-1c172-belyy/,draft,noindex,Full source verification and owner approval required before indexing
/catalog/chigo/king-inverter-172/cs-35v3a-1c172-chernyy/,draft,noindex,Full source verification and owner approval required before indexing
/catalog/chigo/king-inverter-172/cs-51v3a-1b172-belyy/,draft,noindex,Full source verification and owner approval required before indexing
/catalog/chigo/king-inverter-172/cs-51v3a-1b172-chernyy/,draft,noindex,Full source verification and owner approval required before indexing
/catalog/chigo/lotos-on-off-169/cs-21h3a-b169/,draft,noindex,Full source verification and owner approval required before indexing
/catalog/chigo/lotos-on-off-169/cs-25h3a-b169/,draft,noindex,Full source verification and owner approval required before indexing
/catalog/chigo/lotos-on-off-169/cs-35h3a-1c169/,draft,noindex,Full source verification and owner approval required before indexing
/catalog/chigo/lotos-on-off-169/vetka-51/,draft,noindex,Full source verification and owner approval required before indexing
/catalog/chigo/lotos-on-off-169/ct3s-100h3a-1e169/,draft,noindex,Full source verification and owner approval required before indexing
/catalog/chigo/moon-on-off-181/cs-21h3a-b181/,draft,noindex,Full source verification and owner approval required before indexing
/catalog/chigo/moon-on-off-181/cs-25h3a-b181/,draft,noindex,Full source verification and owner approval required before indexing
/catalog/chigo/moon-on-off-181/cs-35h3a-1c181/,draft,noindex,Full source verification and owner approval required before indexing
/catalog/chigo/moon-on-off-181/cs-51h3a-1b181/,draft,noindex,Full source verification and owner approval required before indexing
/catalog/chigo/moon-on-off-181/cs-61h3a-1d181/,draft,noindex,Full source verification and owner approval required before indexing
/catalog/chigo/moon-on-off-181/cs-88h3a-1h181/,draft,noindex,Full source verification and owner approval required before indexing
/catalog/chigo/moon-on-off-181/ct3s-100h3a-1e181/,draft,noindex,Full source verification and owner approval required before indexing
/catalog/haier/jade-super-match/as25-gold/,draft,noindex,Full source verification and owner approval required before indexing
/catalog/haier/jade-super-match/as25-silver/,draft,noindex,Full source verification and owner approval required before indexing
/catalog/haier/jade-super-match/as25-white/,draft,noindex,Full source verification and owner approval required before indexing
/catalog/haier/jade-super-match/as35-gold/,draft,noindex,Full source verification and owner approval required before indexing
/catalog/haier/jade-super-match/as35-silver/,draft,noindex,Full source verification and owner approval required before indexing
/catalog/haier/jade-super-match/as35-white/,draft,noindex,Full source verification and owner approval required before indexing
/catalog/haier/jade-super-match/as50-gold/,draft,noindex,Full source verification and owner approval required before indexing
/catalog/haier/jade-super-match/as50-silver/,draft,noindex,Full source verification and owner approval required before indexing
/catalog/haier/jade-super-match/as50-white/,draft,noindex,Full source verification and owner approval required before indexing
/catalog/haier/flexis-super-match/as25-black/,draft,noindex,Full source verification and owner approval required before indexing
/catalog/haier/flexis-super-match/as25-gold/,draft,noindex,Full source verification and owner approval required before indexing
/catalog/haier/flexis-super-match/as25-white/,draft,noindex,Full source verification and owner approval required before indexing
/catalog/haier/flexis-super-match/as35-black/,draft,noindex,Full source verification and owner approval required before indexing
/catalog/haier/flexis-super-match/as35-gold/,draft,noindex,Full source verification and owner approval required before indexing
/catalog/haier/flexis-super-match/as35-white/,draft,noindex,Full source verification and owner approval required before indexing
/catalog/haier/flexis-super-match/as50-black/,draft,noindex,Full source verification and owner approval required before indexing
/catalog/haier/flexis-super-match/as50-gold/,draft,noindex,Full source verification and owner approval required before indexing
/catalog/haier/flexis-super-match/as50-white/,draft,noindex,Full source verification and owner approval required before indexing
/catalog/haier/flexis-super-match/as70-black/,draft,noindex,Full source verification and owner approval required before indexing
/catalog/haier/flexis-super-match/as70-gold/,draft,noindex,Full source verification and owner approval required before indexing
/catalog/haier/flexis-super-match/as70-white/,draft,noindex,Full source verification and owner approval required before indexing
/catalog/haier/stellar-hp-minus-20/as20-cappuccino/,draft,noindex,Full source verification and owner approval required before indexing
/catalog/haier/stellar-hp-minus-20/as20-silver/,draft,noindex,Full source verification and owner approval required before indexing
/catalog/haier/stellar-hp-minus-20/as20-white/,draft,noindex,Full source verification and owner approval required before indexing
/catalog/haier/stellar-hp-minus-20/as25-cappuccino/,draft,noindex,Full source verification and owner approval required before indexing
/catalog/haier/stellar-hp-minus-20/as25-silver/,draft,noindex,Full source verification and owner approval required before indexing
/catalog/haier/stellar-hp-minus-20/as25-white/,draft,noindex,Full source verification and owner approval required before indexing
/catalog/haier/stellar-hp-minus-20/as35-cappuccino/,draft,noindex,Full source verification and owner approval required before indexing
/catalog/haier/stellar-hp-minus-20/as35-silver/,draft,noindex,Full source verification and owner approval required before indexing
/catalog/haier/stellar-hp-minus-20/as35-white/,draft,noindex,Full source verification and owner approval required before indexing
/catalog/haier/stellar-hp-minus-20/as50-cappuccino/,draft,noindex,Full source verification and owner approval required before indexing
/catalog/haier/stellar-hp-minus-20/as50-silver/,draft,noindex,Full source verification and owner approval required before indexing
/catalog/haier/stellar-hp-minus-20/as50-white/,draft,noindex,Full source verification and owner approval required before indexing
/catalog/haier/stellar-hp-minus-20/as70-cappuccino/,draft,noindex,Full source verification and owner approval required before indexing
/catalog/haier/stellar-hp-minus-20/as70-silver/,draft,noindex,Full source verification and owner approval required before indexing
/catalog/haier/stellar-hp-minus-20/as70-white/,draft,noindex,Full source verification and owner approval required before indexing
/catalog/haier/flexis-on-off/hsu-07-black/,draft,noindex,Full source verification and owner approval required before indexing
/catalog/haier/flexis-on-off/hsu-07-gold/,draft,noindex,Full source verification and owner approval required before indexing
/catalog/haier/flexis-on-off/hsu-07-white/,draft,noindex,Full source verification and owner approval required before indexing
/catalog/haier/flexis-on-off/hsu-09-black/,draft,noindex,Full source verification and owner approval required before indexing
/catalog/haier/flexis-on-off/hsu-09-gold/,draft,noindex,Full source verification and owner approval required before indexing
/catalog/haier/flexis-on-off/hsu-09-white/,draft,noindex,Full source verification and owner approval required before indexing
/catalog/haier/flexis-on-off/hsu-12-black/,draft,noindex,Full source verification and owner approval required before indexing
/catalog/haier/flexis-on-off/hsu-12-gold/,draft,noindex,Full source verification and owner approval required before indexing
/catalog/haier/flexis-on-off/hsu-12-white/,draft,noindex,Full source verification and owner approval required before indexing
/catalog/haier/flexis-on-off/hsu-18-black/,draft,noindex,Full source verification and owner approval required before indexing
/catalog/haier/flexis-on-off/hsu-18-gold/,draft,noindex,Full source verification and owner approval required before indexing
/catalog/haier/flexis-on-off/hsu-18-white/,draft,noindex,Full source verification and owner approval required before indexing
/catalog/haier/flexis-on-off/hsu-24-black/,draft,noindex,Full source verification and owner approval required before indexing
/catalog/haier/flexis-on-off/hsu-24-gold/,draft,noindex,Full source verification and owner approval required before indexing
/catalog/haier/flexis-on-off/hsu-24-white/,draft,noindex,Full source verification and owner approval required before indexing
/catalog/haier/coral-dc-inverter/as20hpl2hra/,draft,noindex,Full source verification and owner approval required before indexing
/catalog/haier/coral-dc-inverter/as25hpl2hra/,draft,noindex,Full source verification and owner approval required before indexing
/catalog/haier/coral-dc-inverter/as35hpl2hra/,draft,noindex,Full source verification and owner approval required before indexing
/catalog/haier/coral-dc-inverter/as50hpl2hra/,draft,noindex,Full source verification and owner approval required before indexing
/catalog/haier/coral-dc-inverter/as70hpl2hra/,draft,noindex,Full source verification and owner approval required before indexing
/catalog/haier/coral-dc-inverter/as100hpl2hra/,draft,noindex,Full source verification and owner approval required before indexing
/catalog/haier/coral-on-off/hsu-07-hpl303-r3/,draft,noindex,Full source verification and owner approval required before indexing
/catalog/haier/coral-on-off/hsu-09-hpl303-r3/,draft,noindex,Full source verification and owner approval required before indexing
/catalog/haier/coral-on-off/hsu-12-hpl303-r3/,draft,noindex,Full source verification and owner approval required before indexing
/catalog/haier/coral-on-off/hsu-18-hpl303-r3/,draft,noindex,Full source verification and owner approval required before indexing
/catalog/haier/coral-on-off/hsu-24-hpl303-r3/,draft,noindex,Full source verification and owner approval required before indexing
/catalog/haier/coral-on-off/hsu-33-hpl303-r3/,draft,noindex,Full source verification and owner approval required before indexing
/catalog/haier/tundra-dc-inverter/as07-tt5hra/,draft,noindex,Full source verification and owner approval required before indexing
/catalog/haier/tundra-dc-inverter/as09-tt5hra/,draft,noindex,Full source verification and owner approval required before indexing
/catalog/haier/tundra-dc-inverter/as12-tt5hra/,draft,noindex,Full source verification and owner approval required before indexing
/catalog/haier/tundra-dc-inverter/as18-tt5hra/,draft,noindex,Full source verification and owner approval required before indexing
/catalog/haier/tundra-dc-inverter/as24-tt5hra/,draft,noindex,Full source verification and owner approval required before indexing
/catalog/haier/tundra-on-off/hsu-07-htt-r3/,draft,noindex,Full source verification and owner approval required before indexing
/catalog/haier/tundra-on-off/hsu-09-htt-r3/,draft,noindex,Full source verification and owner approval required before indexing
/catalog/haier/tundra-on-off/hsu-12-htt-r3/,draft,noindex,Full source verification and owner approval required before indexing
/catalog/haier/tundra-on-off/hsu-18-htt-r3/,draft,noindex,Full source verification and owner approval required before indexing
/catalog/haier/tundra-on-off/hsu-24-htt-r3/,draft,noindex,Full source verification and owner approval required before indexing
/catalog/haier/quantum-inverter/as20-hqj1hra-black/,draft,noindex,Full source verification and owner approval required before indexing
/catalog/haier/quantum-inverter/as20-hqj1hra-white/,draft,noindex,Full source verification and owner approval required before indexing
/catalog/haier/quantum-inverter/as25-hqj1hra-black/,draft,noindex,Full source verification and owner approval required before indexing
/catalog/haier/quantum-inverter/as25-hqj1hra-white/,draft,noindex,Full source verification and owner approval required before indexing
/catalog/haier/quantum-inverter/as35-hqj1hra-black/,draft,noindex,Full source verification and owner approval required before indexing
/catalog/haier/quantum-inverter/as35-hqj1hra-white/,draft,noindex,Full source verification and owner approval required before indexing
/catalog/haier/quantum-inverter/as50-hqj1hra-black/,draft,noindex,Full source verification and owner approval required before indexing
/catalog/haier/quantum-inverter/as50-hqj1hra-white/,draft,noindex,Full source verification and owner approval required before indexing
/catalog/haier/quantum-inverter/as70-hqj1hra-black/,draft,noindex,Full source verification and owner approval required before indexing
/catalog/haier/quantum-inverter/as70-hqj1hra-white/,draft,noindex,Full source verification and owner approval required before indexing
/catalog/haier/quantum-on-off/hsu-07-hqj103-r3-black/,draft,noindex,Full source verification and owner approval required before indexing
/catalog/haier/quantum-on-off/hsu-07-hqj103-r3-white/,draft,noindex,Full source verification and owner approval required before indexing
/catalog/haier/quantum-on-off/hsu-09-hqj103-r3-black/,draft,noindex,Full source verification and owner approval required before indexing
/catalog/haier/quantum-on-off/hsu-09-hqj103-r3-white/,draft,noindex,Full source verification and owner approval required before indexing
/catalog/haier/quantum-on-off/hsu-12-hqj103-r3-black/,draft,noindex,Full source verification and owner approval required before indexing
/catalog/haier/quantum-on-off/hsu-12-hqj103-r3-white/,draft,noindex,Full source verification and owner approval required before indexing
/catalog/haier/quantum-on-off/hsu-18-hqj103-r3-black/,draft,noindex,Full source verification and owner approval required before indexing
/catalog/haier/quantum-on-off/hsu-18-hqj103-r3-white/,draft,noindex,Full source verification and owner approval required before indexing
/catalog/haier/quantum-on-off/hsu-24-hqj103-r3-black/,draft,noindex,Full source verification and owner approval required before indexing
/catalog/haier/quantum-on-off/hsu-24-hqj103-r3-white/,draft,noindex,Full source verification and owner approval required before indexing
/catalog/haier/leader-a/as12tl5hra-a/,draft,noindex,Full source verification and owner approval required before indexing
/catalog/haier/leader-a/as18tl5hra-a/,draft,noindex,Full source verification and owner approval required before indexing
/catalog/haier/leader-a/as24tl5hra-a/,draft,noindex,Full source verification and owner approval required before indexing
/catalog/jax/murray-acy-he-r32-new/07/,draft,noindex,Full source verification and owner approval required before indexing
/catalog/jax/murray-acy-he-r32-new/09/,draft,noindex,Full source verification and owner approval required before indexing
/catalog/jax/murray-acy-he-r32-new/12/,draft,noindex,Full source verification and owner approval required before indexing
/catalog/jax/murray-acy-he-r32-new/18/,draft,noindex,Full source verification and owner approval required before indexing
/catalog/jax/murray-acy-he-r32-new/24/,draft,noindex,Full source verification and owner approval required before indexing
/catalog/jax/hayman-aci-he-neo-r32/10/,draft,noindex,Full source verification and owner approval required before indexing
/catalog/jax/hayman-aci-he-neo-r32/14/,draft,noindex,Full source verification and owner approval required before indexing
/catalog/jax/hayman-aci-he-neo-r32/20/,draft,noindex,Full source verification and owner approval required before indexing
/catalog/jax/hayman-aci-he-neo-r32/26/,draft,noindex,Full source verification and owner approval required before indexing
/catalog/jax/brisbane-aciu-he-r32/08/,draft,noindex,Full source verification and owner approval required before indexing
/catalog/jax/brisbane-aciu-he-r32/10/,draft,noindex,Full source verification and owner approval required before indexing
/catalog/jax/brisbane-aciu-he-r32/14/,draft,noindex,Full source verification and owner approval required before indexing
/catalog/jax/brisbane-aciu-he-r32/20/,draft,noindex,Full source verification and owner approval required before indexing
/catalog/jax/brisbane-aciu-he-r32/26/,draft,noindex,Full source verification and owner approval required before indexing
/catalog/jax/tasmania-acn-he-r32/07/,draft,noindex,Full source verification and owner approval required before indexing
/catalog/jax/tasmania-acn-he-r32/09/,draft,noindex,Full source verification and owner approval required before indexing
/catalog/jax/tasmania-acn-he-r32/14/,draft,noindex,Full source verification and owner approval required before indexing
/catalog/jax/tasmania-acn-he-r32/18/,draft,noindex,Full source verification and owner approval required before indexing
/catalog/jax/tasmania-acn-he-r32/24/,draft,noindex,Full source verification and owner approval required before indexing
/catalog/jax/melbourne-acm-he/08/,draft,noindex,Full source verification and owner approval required before indexing
/catalog/jax/melbourne-acm-he/10/,draft,noindex,Full source verification and owner approval required before indexing
/catalog/jax/melbourne-acm-he/14/,draft,noindex,Full source verification and owner approval required before indexing
/catalog/jax/melbourne-acm-he/20/,draft,noindex,Full source verification and owner approval required before indexing
/catalog/jax/melbourne-acm-he/26/,draft,noindex,Full source verification and owner approval required before indexing
/catalog/jax/melbourne-acm-he/32/,draft,noindex,Full source verification and owner approval required before indexing
/catalog/jax/melbourne-acm-he/38/,draft,noindex,Full source verification and owner approval required before indexing
/catalog/jax/york-ace-he-neo/08/,draft,noindex,Full source verification and owner approval required before indexing
/catalog/jax/york-ace-he-neo/10/,draft,noindex,Full source verification and owner approval required before indexing
/catalog/jax/york-ace-he-neo/14/,draft,noindex,Full source verification and owner approval required before indexing
/catalog/jax/york-ace-he-neo/20/,draft,noindex,Full source verification and owner approval required before indexing
/catalog/jax/york-ace-he-neo/26/,draft,noindex,Full source verification and owner approval required before indexing
/catalog/jax/adelaide-aci-he/10/,draft,noindex,Full source verification and owner approval required before indexing
/catalog/jax/adelaide-aci-he/14/,draft,noindex,Full source verification and owner approval required before indexing
/catalog/jax/adelaide-aci-he/20/,draft,noindex,Full source verification and owner approval required before indexing
/catalog/jax/adelaide-aci-he/26/,draft,noindex,Full source verification and owner approval required before indexing
/catalog/jax/darwin-ack-he/08/,draft,noindex,Full source verification and owner approval required before indexing
/catalog/jax/darwin-ack-he/10/,draft,noindex,Full source verification and owner approval required before indexing
/catalog/jax/darwin-ack-he/14/,draft,noindex,Full source verification and owner approval required before indexing
/catalog/jax/darwin-ack-he/20/,draft,noindex,Full source verification and owner approval required before indexing
/catalog/jax/darwin-ack-he/26/,draft,noindex,Full source verification and owner approval required before indexing
/catalog/rovex/smart-pro-rs-pxi6-pro/09/,draft,noindex,Full source verification and owner approval required before indexing
/catalog/rovex/smart-pro-rs-pxi6-pro/12/,draft,noindex,Full source verification and owner approval required before indexing
/catalog/rovex/smart-pro-rs-pxi6-pro/18/,draft,noindex,Full source verification and owner approval required before indexing
/catalog/rovex/smart-pro-rs-pxi6-pro/24/,draft,noindex,Full source verification and owner approval required before indexing
/catalog/rovex/smart-rs-pxi6/07/,draft,noindex,Full source verification and owner approval required before indexing
/catalog/rovex/smart-rs-pxi6/09/,draft,noindex,Full source verification and owner approval required before indexing
/catalog/rovex/smart-rs-pxi6/12/,draft,noindex,Full source verification and owner approval required before indexing
/catalog/rovex/smart-rs-pxi6/18/,draft,noindex,Full source verification and owner approval required before indexing
/catalog/rovex/smart-rs-pxi6/24/,draft,noindex,Full source verification and owner approval required before indexing
/catalog/rovex/star-s-abs-he-s/07/,draft,noindex,Full source verification and owner approval required before indexing
/catalog/rovex/star-s-abs-he-s/09/,draft,noindex,Full source verification and owner approval required before indexing
/catalog/rovex/star-s-abs-he-s/12/,draft,noindex,Full source verification and owner approval required before indexing
/catalog/rovex/star-s-abs-he-s/18/,draft,noindex,Full source verification and owner approval required before indexing
/catalog/rovex/star-s-abs-he-s/24/,draft,noindex,Full source verification and owner approval required before indexing
/catalog/rovex/star-n-abs-he-n/07/,draft,noindex,Full source verification and owner approval required before indexing
/catalog/rovex/star-n-abs-he-n/09/,draft,noindex,Full source verification and owner approval required before indexing
/catalog/rovex/star-n-abs-he-n/12/,draft,noindex,Full source verification and owner approval required before indexing
/catalog/rovex/star-n-abs-he-n/18/,draft,noindex,Full source verification and owner approval required before indexing
/catalog/rovex/star-n-abs-he-n/24/,draft,noindex,Full source verification and owner approval required before indexing
/catalog/rovex/rich-rs-muin1/07/,draft,noindex,Full source verification and owner approval required before indexing
/catalog/rovex/rich-rs-muin1/09/,draft,noindex,Full source verification and owner approval required before indexing
/catalog/rovex/rich-rs-muin1/12/,draft,noindex,Full source verification and owner approval required before indexing
/catalog/rovex/rich-rs-muin1/18/,draft,noindex,Full source verification and owner approval required before indexing
/catalog/rovex/rich-rs-muin1/24/,draft,noindex,Full source verification and owner approval required before indexing
/catalog/rovex/megapolis-rs-cbs4/07/,draft,noindex,Full source verification and owner approval required before indexing
/catalog/rovex/megapolis-rs-cbs4/09/,draft,noindex,Full source verification and owner approval required before indexing
/catalog/rovex/megapolis-rs-cbs4/12/,draft,noindex,Full source verification and owner approval required before indexing
/catalog/rovex/megapolis-rs-cbs4/18/,draft,noindex,Full source verification and owner approval required before indexing
/catalog/rovex/megapolis-rs-cbs4/24/,draft,noindex,Full source verification and owner approval required before indexing
/catalog/rovex/city-pro-rs-cst4-pro/07/,draft,noindex,Full source verification and owner approval required before indexing
/catalog/rovex/city-pro-rs-cst4-pro/09/,draft,noindex,Full source verification and owner approval required before indexing
/catalog/rovex/city-pro-rs-cst4-pro/12/,draft,noindex,Full source verification and owner approval required before indexing
/catalog/rovex/city-pro-rs-cst4-pro/18/,draft,noindex,Full source verification and owner approval required before indexing
/catalog/rovex/city-pro-rs-cst4-pro/24/,draft,noindex,Full source verification and owner approval required before indexing
/catalog/rovex/city-rs-cst4/07/,draft,noindex,Full source verification and owner approval required before indexing
/catalog/rovex/city-rs-cst4/09/,draft,noindex,Full source verification and owner approval required before indexing
/catalog/rovex/city-rs-cst4/12/,draft,noindex,Full source verification and owner approval required before indexing
/catalog/rovex/city-rs-cst4/18/,draft,noindex,Full source verification and owner approval required before indexing
/catalog/rovex/city-rs-cst4/24/,draft,noindex,Full source verification and owner approval required before indexing
/catalog/rovex/mira-s-ast-he-s/07/,draft,noindex,Full source verification and owner approval required before indexing
/catalog/rovex/mira-s-ast-he-s/09/,draft,noindex,Full source verification and owner approval required before indexing
/catalog/rovex/mira-s-ast-he-s/12/,draft,noindex,Full source verification and owner approval required before indexing
/catalog/rovex/mira-s-ast-he-s/18/,draft,noindex,Full source verification and owner approval required before indexing
/catalog/rovex/mira-s-ast-he-s/24/,draft,noindex,Full source verification and owner approval required before indexing
/catalog/rovex/mira-n-ast-he-n/07/,draft,noindex,Full source verification and owner approval required before indexing
/catalog/rovex/mira-n-ast-he-n/09/,draft,noindex,Full source verification and owner approval required before indexing
/catalog/rovex/mira-n-ast-he-n/12/,draft,noindex,Full source verification and owner approval required before indexing
/catalog/rovex/mira-n-ast-he-n/18/,draft,noindex,Full source verification and owner approval required before indexing
/catalog/rovex/mira-n-ast-he-n/24/,draft,noindex,Full source verification and owner approval required before indexing
/catalog/rovex/grace-rs-mst1/07/,draft,noindex,Full source verification and owner approval required before indexing
/catalog/rovex/grace-rs-mst1/09/,draft,noindex,Full source verification and owner approval required before indexing
/catalog/rovex/grace-rs-mst1/12/,draft,noindex,Full source verification and owner approval required before indexing
/catalog/rovex/grace-rs-mst1/18/,draft,noindex,Full source verification and owner approval required before indexing
/catalog/rovex/grace-rs-mst1/24/,draft,noindex,Full source verification and owner approval required before indexing
/catalog/rovex/cst-5-unite/07/,draft,noindex,Full source verification and owner approval required before indexing
/catalog/rovex/cst-5-unite/09/,draft,noindex,Full source verification and owner approval required before indexing
/catalog/rovex/cst-5-unite/12/,draft,noindex,Full source verification and owner approval required before indexing
/catalog/rovex/cst-5-unite/18/,draft,noindex,Full source verification and owner approval required before indexing
/catalog/rovex/cst-5-unite/24/,draft,noindex,Full source verification and owner approval required before indexing
/catalog/rovex/cst5-pro/07-white/,draft,noindex,Full source verification and owner approval required before indexing
/catalog/rovex/cst5-pro/09-white/,draft,noindex,Full source verification and owner approval required before indexing
/catalog/rovex/cst5-pro/12-white/,draft,noindex,Full source verification and owner approval required before indexing
/catalog/rovex/cst5-pro/18-white/,draft,noindex,Full source verification and owner approval required before indexing
/catalog/rovex/cst5-pro/24-white/,draft,noindex,Full source verification and owner approval required before indexing
/catalog/rovex/cst5-pro/09-black/,draft,noindex,Full source verification and owner approval required before indexing
/catalog/rovex/cst5-pro/12-black/,draft,noindex,Full source verification and owner approval required before indexing
/catalog/rovex/cst5-pro/18-black/,draft,noindex,Full source verification and owner approval required before indexing
/catalog/rovex/cst5-pro/09-grey/,draft,noindex,Full source verification and owner approval required before indexing
/catalog/rovex/cst5-pro/12-grey/,draft,noindex,Full source verification and owner approval required before indexing
/catalog/rovex/cst5-pro/18-grey/,draft,noindex,Full source verification and owner approval required before indexing
/catalog/rovex/rs-cbs5-pro/07-white/,draft,noindex,Full source verification and owner approval required before indexing
/catalog/rovex/rs-cbs5-pro/09-white/,draft,noindex,Full source verification and owner approval required before indexing
/catalog/rovex/rs-cbs5-pro/12-white/,draft,noindex,Full source verification and owner approval required before indexing
/catalog/rovex/rs-cbs5-pro/18-white/,draft,noindex,Full source verification and owner approval required before indexing
/catalog/rovex/rs-cbs5-pro/24-white/,draft,noindex,Full source verification and owner approval required before indexing
/catalog/rovex/rs-cbs5-pro/09-black/,draft,noindex,Full source verification and owner approval required before indexing
/catalog/rovex/rs-cbs5-pro/12-black/,draft,noindex,Full source verification and owner approval required before indexing
/catalog/rovex/rs-cbs5-pro/18-black/,draft,noindex,Full source verification and owner approval required before indexing
/catalog/rovex/rs-cbs5-pro/09-grey/,draft,noindex,Full source verification and owner approval required before indexing
/catalog/rovex/rs-cbs5-pro/12-grey/,draft,noindex,Full source verification and owner approval required before indexing
/catalog/rovex/rs-cbs5-pro/18-grey/,draft,noindex,Full source verification and owner approval required before indexing
/catalog/vickers/rook-vch-he/07/,draft,noindex,Full source verification and owner approval required before indexing
/catalog/vickers/rook-vch-he/09/,draft,noindex,Full source verification and owner approval required before indexing
/catalog/vickers/rook-vch-he/12/,draft,noindex,Full source verification and owner approval required before indexing
/catalog/vickers/rook-vch-he/18/,draft,noindex,Full source verification and owner approval required before indexing
/catalog/vickers/rook-vch-he/24/,draft,noindex,Full source verification and owner approval required before indexing
/catalog/vickers/tanya/07/,draft,noindex,Full source verification and owner approval required before indexing
/catalog/vickers/tanya/09/,draft,noindex,Full source verification and owner approval required before indexing
/catalog/vickers/tanya/12/,draft,noindex,Full source verification and owner approval required before indexing
/catalog/vickers/tanya/18/,draft,noindex,Full source verification and owner approval required before indexing
/catalog/vickers/tanya/24/,draft,noindex,Full source verification and owner approval required before indexing
/catalog/vickers/tanya-max/07/,draft,noindex,Full source verification and owner approval required before indexing
/catalog/vickers/tanya-max/09/,draft,noindex,Full source verification and owner approval required before indexing
/catalog/vickers/tanya-max/12/,draft,noindex,Full source verification and owner approval required before indexing
/catalog/vickers/tanya-max/18/,draft,noindex,Full source verification and owner approval required before indexing
/catalog/vickers/tanya-max/24/,draft,noindex,Full source verification and owner approval required before indexing
/catalog/vickers/vera-max-vg-he-max/07/,draft,noindex,Full source verification and owner approval required before indexing
/catalog/vickers/vera-max-vg-he-max/09/,draft,noindex,Full source verification and owner approval required before indexing
/catalog/vickers/vera-max-vg-he-max/12/,draft,noindex,Full source verification and owner approval required before indexing
/catalog/vickers/vera-max-vg-he-max/18/,draft,noindex,Full source verification and owner approval required before indexing
/catalog/vickers/vera-max-vg-he-max/24/,draft,noindex,Full source verification and owner approval required before indexing
/catalog/vickers/vera-vg-he/07/,draft,noindex,Full source verification and owner approval required before indexing
/catalog/vickers/vera-vg-he/09/,draft,noindex,Full source verification and owner approval required before indexing
/catalog/vickers/vera-vg-he/12/,draft,noindex,Full source verification and owner approval required before indexing
/catalog/vickers/vera-vg-he/18/,draft,noindex,Full source verification and owner approval required before indexing
/catalog/vickers/vera-vg-he/24/,draft,noindex,Full source verification and owner approval required before indexing
/catalog/vickers/viking-ve-he/07/,draft,noindex,Full source verification and owner approval required before indexing
/catalog/vickers/viking-ve-he/09/,draft,noindex,Full source verification and owner approval required before indexing
/catalog/vickers/viking-ve-he/12/,draft,noindex,Full source verification and owner approval required before indexing
/catalog/vickers/viking-ve-he/18/,draft,noindex,Full source verification and owner approval required before indexing
/catalog/vickers/viking-ve-he/24/,draft,noindex,Full source verification and owner approval required before indexing
/vrv-vrf/,review,noindex,Full source verification and owner approval required before indexing
/vrv-vrf/types/heat-pump/,draft,noindex,Full source verification and owner approval required before indexing
/vrv-vrf/types/heat-recovery/,draft,noindex,Full source verification and owner approval required before indexing
/vrv-vrf/types/two-pipe/,draft,noindex,Full source verification and owner approval required before indexing
/vrv-vrf/types/three-pipe/,draft,noindex,Full source verification and owner approval required before indexing
/vrv-vrf/types/air-cooled/,draft,noindex,Full source verification and owner approval required before indexing
/vrv-vrf/types/water-cooled/,draft,noindex,Full source verification and owner approval required before indexing
/vrv-vrf/types/mini-vrf/,draft,noindex,Full source verification and owner approval required before indexing
/vrv-vrf/types/modular-vrf/,draft,noindex,Full source verification and owner approval required before indexing
/vrv-vrf/types/low-temperature/,draft,noindex,Full source verification and owner approval required before indexing
/vrv-vrf/types/high-ambient/,draft,noindex,Full source verification and owner approval required before indexing
/vrv-vrf/types/simultaneous-operation/,draft,noindex,Full source verification and owner approval required before indexing
/vrv-vrf/types/hybrid-vrf/,draft,noindex,Full source verification and owner approval required before indexing
/vrv-vrf/components/outdoor-units/,draft,noindex,Full source verification and owner approval required before indexing
/vrv-vrf/components/wall-indoor-units/,draft,noindex,Full source verification and owner approval required before indexing
/vrv-vrf/components/cassette-indoor-units/,draft,noindex,Full source verification and owner approval required before indexing
/vrv-vrf/components/duct-indoor-units/,draft,noindex,Full source verification and owner approval required before indexing
/vrv-vrf/components/floor-ceiling-units/,draft,noindex,Full source verification and owner approval required before indexing
/vrv-vrf/components/fresh-air-units/,draft,noindex,Full source verification and owner approval required before indexing
/vrv-vrf/components/hydroboxes/,draft,noindex,Full source verification and owner approval required before indexing
/vrv-vrf/components/branch-selectors/,draft,noindex,Full source verification and owner approval required before indexing
/vrv-vrf/components/refnets/,draft,noindex,Full source verification and owner approval required before indexing
/vrv-vrf/components/copper-pipes/,draft,noindex,Full source verification and owner approval required before indexing
/vrv-vrf/components/thermal-insulation/,draft,noindex,Full source verification and owner approval required before indexing
/vrv-vrf/components/drainage/,draft,noindex,Full source verification and owner approval required before indexing
/vrv-vrf/components/condensate-pumps/,draft,noindex,Full source verification and owner approval required before indexing
/vrv-vrf/components/wired-controllers/,draft,noindex,Full source verification and owner approval required before indexing
/vrv-vrf/components/wireless-controllers/,draft,noindex,Full source verification and owner approval required before indexing
/vrv-vrf/components/central-controllers/,draft,noindex,Full source verification and owner approval required before indexing
/vrv-vrf/components/gateways/,draft,noindex,Full source verification and owner approval required before indexing
/vrv-vrf/components/bms-modbus/,draft,noindex,Full source verification and owner approval required before indexing
/vrv-vrf/components/bms-bacnet/,draft,noindex,Full source verification and owner approval required before indexing
/vrv-vrf/components/power-metering/,draft,noindex,Full source verification and owner approval required before indexing
/vrv-vrf/components/refrigerant/,draft,noindex,Full source verification and owner approval required before indexing
/vrv-vrf/components/oil-management/,draft,noindex,Full source verification and owner approval required before indexing
/vrv-vrf/components/service-tools/,draft,noindex,Full source verification and owner approval required before indexing
/vrv-vrf/components/safety-components/,draft,noindex,Full source verification and owner approval required before indexing
/vrv-vrf/engineering/site-survey/,draft,noindex,Full source verification and owner approval required before indexing
/vrv-vrf/engineering/heat-gain-calculation/,draft,noindex,Full source verification and owner approval required before indexing
/vrv-vrf/engineering/zoning/,draft,noindex,Full source verification and owner approval required before indexing
/vrv-vrf/engineering/simultaneity-factor/,draft,noindex,Full source verification and owner approval required before indexing
/vrv-vrf/engineering/capacity-index/,draft,noindex,Full source verification and owner approval required before indexing
/vrv-vrf/engineering/pipe-sizing/,draft,noindex,Full source verification and owner approval required before indexing
/vrv-vrf/engineering/maximum-pipe-length/,draft,noindex,Full source verification and owner approval required before indexing
/vrv-vrf/engineering/height-difference/,draft,noindex,Full source verification and owner approval required before indexing
/vrv-vrf/engineering/refnet-selection/,draft,noindex,Full source verification and owner approval required before indexing
/vrv-vrf/engineering/refrigerant-charge/,draft,noindex,Full source verification and owner approval required before indexing
/vrv-vrf/engineering/oil-return/,draft,noindex,Full source verification and owner approval required before indexing
/vrv-vrf/engineering/drainage-design/,draft,noindex,Full source verification and owner approval required before indexing
/vrv-vrf/engineering/fresh-air-integration/,draft,noindex,Full source verification and owner approval required before indexing
/vrv-vrf/engineering/electrical-loads/,draft,noindex,Full source verification and owner approval required before indexing
/vrv-vrf/engineering/single-line-diagram/,draft,noindex,Full source verification and owner approval required before indexing
/vrv-vrf/engineering/control-cabling/,draft,noindex,Full source verification and owner approval required before indexing
/vrv-vrf/engineering/central-control/,draft,noindex,Full source verification and owner approval required before indexing
/vrv-vrf/engineering/bms-integration/,draft,noindex,Full source verification and owner approval required before indexing
/vrv-vrf/engineering/noise-assessment/,draft,noindex,Full source verification and owner approval required before indexing
/vrv-vrf/engineering/vibration-isolation/,draft,noindex,Full source verification and owner approval required before indexing
/vrv-vrf/engineering/facade-restrictions/,draft,noindex,Full source verification and owner approval required before indexing
/vrv-vrf/engineering/roof-placement/,draft,noindex,Full source verification and owner approval required before indexing
/vrv-vrf/engineering/service-access/,draft,noindex,Full source verification and owner approval required before indexing
/vrv-vrf/engineering/pressure-testing/,draft,noindex,Full source verification and owner approval required before indexing
/vrv-vrf/engineering/vacuuming/,draft,noindex,Full source verification and owner approval required before indexing
/vrv-vrf/engineering/additional-charge/,draft,noindex,Full source verification and owner approval required before indexing
/vrv-vrf/engineering/addressing/,draft,noindex,Full source verification and owner approval required before indexing
/vrv-vrf/engineering/commissioning/,draft,noindex,Full source verification and owner approval required before indexing
/vrv-vrf/engineering/as-built-documentation/,draft,noindex,Full source verification and owner approval required before indexing
/vrv-vrf/engineering/maintenance-plan/,draft,noindex,Full source verification and owner approval required before indexing
/services/ac-selection/,draft,noindex,Full source verification and owner approval required before indexing
/services/site-survey/,draft,noindex,Full source verification and owner approval required before indexing
/services/split-installation/,draft,noindex,Full source verification and owner approval required before indexing
/services/multi-split-design/,draft,noindex,Full source verification and owner approval required before indexing
/services/multi-split-installation/,draft,noindex,Full source verification and owner approval required before indexing
/services/vrf-design/,draft,noindex,Full source verification and owner approval required before indexing
/services/vrf-installation/,draft,noindex,Full source verification and owner approval required before indexing
/services/ventilation-design/,draft,noindex,Full source verification and owner approval required before indexing
/services/ventilation-installation/,draft,noindex,Full source verification and owner approval required before indexing
/services/commissioning/,draft,noindex,Full source verification and owner approval required before indexing
/services/pressure-testing/,draft,noindex,Full source verification and owner approval required before indexing
/services/vacuuming/,draft,noindex,Full source verification and owner approval required before indexing
/services/maintenance/,draft,noindex,Full source verification and owner approval required before indexing
/services/diagnostics/,draft,noindex,Full source verification and owner approval required before indexing
/services/repair/,draft,noindex,Full source verification and owner approval required before indexing
/services/filter-service/,draft,noindex,Full source verification and owner approval required before indexing
/services/seasonal-startup/,draft,noindex,Full source verification and owner approval required before indexing
/services/equipment-audit/,draft,noindex,Full source verification and owner approval required before indexing
/services/bms-integration/,draft,noindex,Full source verification and owner approval required before indexing
/services/technical-supervision/,draft,noindex,Full source verification and owner approval required before indexing
/solutions/apartment/,draft,noindex,Full source verification and owner approval required before indexing
/solutions/studio-apartment/,draft,noindex,Full source verification and owner approval required before indexing
/solutions/multi-room-apartment/,draft,noindex,Full source verification and owner approval required before indexing
/solutions/penthouse/,draft,noindex,Full source verification and owner approval required before indexing
/solutions/country-house/,draft,noindex,Full source verification and owner approval required before indexing
/solutions/townhouse/,draft,noindex,Full source verification and owner approval required before indexing
/solutions/cottage/,draft,noindex,Full source verification and owner approval required before indexing
/solutions/office/,draft,noindex,Full source verification and owner approval required before indexing
/solutions/open-space/,draft,noindex,Full source verification and owner approval required before indexing
/solutions/executive-office/,draft,noindex,Full source verification and owner approval required before indexing
/solutions/meeting-room/,draft,noindex,Full source verification and owner approval required before indexing
/solutions/server-room/,draft,noindex,Full source verification and owner approval required before indexing
/solutions/data-center/,draft,noindex,Full source verification and owner approval required before indexing
/solutions/retail-store/,draft,noindex,Full source verification and owner approval required before indexing
/solutions/shopping-center/,draft,noindex,Full source verification and owner approval required before indexing
/solutions/supermarket/,draft,noindex,Full source verification and owner approval required before indexing
/solutions/pharmacy/,draft,noindex,Full source verification and owner approval required before indexing
/solutions/restaurant/,draft,noindex,Full source verification and owner approval required before indexing
/solutions/cafe/,draft,noindex,Full source verification and owner approval required before indexing
/solutions/coffee-shop/,draft,noindex,Full source verification and owner approval required before indexing
/solutions/commercial-kitchen/,draft,noindex,Full source verification and owner approval required before indexing
/solutions/bakery/,draft,noindex,Full source verification and owner approval required before indexing
/solutions/hotel/,draft,noindex,Full source verification and owner approval required before indexing
/solutions/mini-hotel/,draft,noindex,Full source verification and owner approval required before indexing
/solutions/hostel/,draft,noindex,Full source verification and owner approval required before indexing
/solutions/fitness-club/,draft,noindex,Full source verification and owner approval required before indexing
/solutions/gym/,draft,noindex,Full source verification and owner approval required before indexing
/solutions/yoga-studio/,draft,noindex,Full source verification and owner approval required before indexing
/solutions/beauty-salon/,draft,noindex,Full source verification and owner approval required before indexing
/solutions/barbershop/,draft,noindex,Full source verification and owner approval required before indexing
/solutions/medical-clinic/,draft,noindex,Full source verification and owner approval required before indexing
/solutions/dental-clinic/,draft,noindex,Full source verification and owner approval required before indexing
/solutions/laboratory/,draft,noindex,Full source verification and owner approval required before indexing
/solutions/school/,draft,noindex,Full source verification and owner approval required before indexing
/solutions/kindergarten/,draft,noindex,Full source verification and owner approval required before indexing
/solutions/university/,draft,noindex,Full source verification and owner approval required before indexing
/solutions/warehouse/,draft,noindex,Full source verification and owner approval required before indexing
/solutions/cold-warehouse/,draft,noindex,Full source verification and owner approval required before indexing
/solutions/distribution-center/,draft,noindex,Full source verification and owner approval required before indexing
/solutions/workshop/,draft,noindex,Full source verification and owner approval required before indexing
/solutions/production/,draft,noindex,Full source verification and owner approval required before indexing
/solutions/food-production/,draft,noindex,Full source verification and owner approval required before indexing
/solutions/printing-house/,draft,noindex,Full source verification and owner approval required before indexing
/solutions/auto-service/,draft,noindex,Full source verification and owner approval required before indexing
/solutions/showroom/,draft,noindex,Full source verification and owner approval required before indexing
/solutions/museum/,draft,noindex,Full source verification and owner approval required before indexing
/solutions/gallery/,draft,noindex,Full source verification and owner approval required before indexing
/solutions/cinema/,draft,noindex,Full source verification and owner approval required before indexing
/solutions/theater/,draft,noindex,Full source verification and owner approval required before indexing
/solutions/bank-branch/,draft,noindex,Full source verification and owner approval required before indexing
/solutions/coworking/,draft,noindex,Full source verification and owner approval required before indexing
/solutions/call-center/,draft,noindex,Full source verification and owner approval required before indexing
/solutions/greenhouse/,draft,noindex,Full source verification and owner approval required before indexing
/solutions/winery/,draft,noindex,Full source verification and owner approval required before indexing
/solutions/laundry/,draft,noindex,Full source verification and owner approval required before indexing
/solutions/animal-clinic/,draft,noindex,Full source verification and owner approval required before indexing
/solutions/church/,draft,noindex,Full source verification and owner approval required before indexing
/solutions/sports-hall/,draft,noindex,Full source verification and owner approval required before indexing
/solutions/swimming-pool/,draft,noindex,Full source verification and owner approval required before indexing
/solutions/logistics-terminal/,draft,noindex,Full source verification and owner approval required before indexing
/collections/for-15-m2/,draft,noindex,Full source verification and owner approval required before indexing
/collections/for-20-m2/,draft,noindex,Full source verification and owner approval required before indexing
/collections/for-25-m2/,draft,noindex,Full source verification and owner approval required before indexing
/collections/for-30-m2/,draft,noindex,Full source verification and owner approval required before indexing
/collections/for-35-m2/,draft,noindex,Full source verification and owner approval required before indexing
/collections/for-40-m2/,draft,noindex,Full source verification and owner approval required before indexing
/collections/for-50-m2/,draft,noindex,Full source verification and owner approval required before indexing
/collections/for-60-m2/,draft,noindex,Full source verification and owner approval required before indexing
/collections/for-70-m2/,draft,noindex,Full source verification and owner approval required before indexing
/collections/for-80-m2/,draft,noindex,Full source verification and owner approval required before indexing
/collections/for-100-m2/,draft,noindex,Full source verification and owner approval required before indexing
/collections/for-120-m2/,draft,noindex,Full source verification and owner approval required before indexing
/collections/for-150-m2/,draft,noindex,Full source verification and owner approval required before indexing
/collections/for-200-m2/,draft,noindex,Full source verification and owner approval required before indexing
/collections/for-250-m2/,draft,noindex,Full source verification and owner approval required before indexing
/collections/for-300-m2/,draft,noindex,Full source verification and owner approval required before indexing
/collections/for-400-m2/,draft,noindex,Full source verification and owner approval required before indexing
/collections/for-500-m2/,draft,noindex,Full source verification and owner approval required before indexing
/collections/for-750-m2/,draft,noindex,Full source verification and owner approval required before indexing
/collections/for-1000-m2/,draft,noindex,Full source verification and owner approval required before indexing
/collections/quiet-bedroom/,draft,noindex,Full source verification and owner approval required before indexing
/collections/childrens-room/,draft,noindex,Full source verification and owner approval required before indexing
/collections/sunny-room/,draft,noindex,Full source verification and owner approval required before indexing
/collections/panoramic-windows/,draft,noindex,Full source verification and owner approval required before indexing
/collections/top-floor/,draft,noindex,Full source verification and owner approval required before indexing
/collections/ground-floor/,draft,noindex,Full source verification and owner approval required before indexing
/collections/several-rooms/,draft,noindex,Full source verification and owner approval required before indexing
/collections/heating-in-winter/,draft,noindex,Full source verification and owner approval required before indexing
/collections/summer-only/,draft,noindex,Full source verification and owner approval required before indexing
/collections/year-round-operation/,draft,noindex,Full source verification and owner approval required before indexing
/collections/wifi-control/,draft,noindex,Full source verification and owner approval required before indexing
/collections/voice-control/,draft,noindex,Full source verification and owner approval required before indexing
/collections/alice-compatible/,draft,noindex,Full source verification and owner approval required before indexing
/collections/salut-compatible/,draft,noindex,Full source verification and owner approval required before indexing
/collections/built-in-wifi/,draft,noindex,Full source verification and owner approval required before indexing
/collections/optional-wifi/,draft,noindex,Full source verification and owner approval required before indexing
/collections/energy-efficient/,draft,noindex,Full source verification and owner approval required before indexing
/collections/compact-indoor-unit/,draft,noindex,Full source verification and owner approval required before indexing
/collections/black-indoor-unit/,draft,noindex,Full source verification and owner approval required before indexing
/collections/white-indoor-unit/,draft,noindex,Full source verification and owner approval required before indexing
/collections/grey-indoor-unit/,draft,noindex,Full source verification and owner approval required before indexing
/collections/gold-indoor-unit/,draft,noindex,Full source verification and owner approval required before indexing
/collections/r32-refrigerant/,draft,noindex,Full source verification and owner approval required before indexing
/collections/inverter/,draft,noindex,Full source verification and owner approval required before indexing
/collections/on-off/,draft,noindex,Full source verification and owner approval required before indexing
/collections/low-noise/,draft,noindex,Full source verification and owner approval required before indexing
/collections/high-airflow/,draft,noindex,Full source verification and owner approval required before indexing
/collections/wide-voltage-range/,draft,noindex,Full source verification and owner approval required before indexing
/collections/self-clean/,draft,noindex,Full source verification and owner approval required before indexing
/collections/air-purification/,draft,noindex,Full source verification and owner approval required before indexing
/collections/dehumidification/,draft,noindex,Full source verification and owner approval required before indexing
/collections/night-mode/,draft,noindex,Full source verification and owner approval required before indexing
/collections/turbo-mode/,draft,noindex,Full source verification and owner approval required before indexing
/collections/i-feel/,draft,noindex,Full source verification and owner approval required before indexing
/collections/anti-corrosion-coating/,draft,noindex,Full source verification and owner approval required before indexing
/collections/long-pipe-run/,draft,noindex,Full source verification and owner approval required before indexing
/collections/large-height-difference/,draft,noindex,Full source verification and owner approval required before indexing
/collections/small-balcony/,draft,noindex,Full source verification and owner approval required before indexing
/collections/hidden-installation/,draft,noindex,Full source verification and owner approval required before indexing
/collections/duct-system/,draft,noindex,Full source verification and owner approval required before indexing
/collections/cassette-system/,draft,noindex,Full source verification and owner approval required before indexing
/collections/wall-system/,draft,noindex,Full source verification and owner approval required before indexing
/collections/floor-ceiling-system/,draft,noindex,Full source verification and owner approval required before indexing
/collections/multi-split/,draft,noindex,Full source verification and owner approval required before indexing
/collections/mini-vrf/,draft,noindex,Full source verification and owner approval required before indexing
/collections/heat-recovery/,draft,noindex,Full source verification and owner approval required before indexing
/collections/fresh-air/,draft,noindex,Full source verification and owner approval required before indexing
/collections/central-control/,draft,noindex,Full source verification and owner approval required before indexing
/collections/bms-ready/,draft,noindex,Full source verification and owner approval required before indexing
/collections/restaurant-hall/,draft,noindex,Full source verification and owner approval required before indexing
/collections/server-room-247/,draft,noindex,Full source verification and owner approval required before indexing
/collections/hotel-rooms/,draft,noindex,Full source verification and owner approval required before indexing
/collections/retail-entrance/,draft,noindex,Full source verification and owner approval required before indexing
/collections/open-space-office/,draft,noindex,Full source verification and owner approval required before indexing
/collections/meeting-rooms/,draft,noindex,Full source verification and owner approval required before indexing
/collections/country-house-zones/,draft,noindex,Full source verification and owner approval required before indexing
/collections/warehouse-gates/,draft,noindex,Full source verification and owner approval required before indexing
/collections/production-heat-gains/,draft,noindex,Full source verification and owner approval required before indexing
/collections/clinic-hygiene/,draft,noindex,Full source verification and owner approval required before indexing
/collections/school-classrooms/,draft,noindex,Full source verification and owner approval required before indexing
/compare/chigo-sunrise-inverter-268-vs-chigo-alba-inverter-150/,draft,noindex,Full source verification and owner approval required before indexing
/compare/chigo-sunrise-inverter-268-vs-chigo-king-inverter-172/,draft,noindex,Full source verification and owner approval required before indexing
/compare/chigo-sunrise-inverter-268-vs-chigo-lotos-on-off-169/,draft,noindex,Full source verification and owner approval required before indexing
/compare/chigo-sunrise-inverter-268-vs-chigo-moon-on-off-181/,draft,noindex,Full source verification and owner approval required before indexing
/compare/chigo-sunrise-inverter-268-vs-haier-jade-super-match/,draft,noindex,Full source verification and owner approval required before indexing
/compare/chigo-sunrise-inverter-268-vs-haier-flexis-super-match/,draft,noindex,Full source verification and owner approval required before indexing
/compare/chigo-sunrise-inverter-268-vs-haier-stellar-hp-minus-20/,draft,noindex,Full source verification and owner approval required before indexing
/compare/chigo-sunrise-inverter-268-vs-haier-flexis-on-off/,draft,noindex,Full source verification and owner approval required before indexing
/compare/chigo-sunrise-inverter-268-vs-haier-coral-dc-inverter/,draft,noindex,Full source verification and owner approval required before indexing
/compare/chigo-sunrise-inverter-268-vs-haier-coral-on-off/,draft,noindex,Full source verification and owner approval required before indexing
/compare/chigo-sunrise-inverter-268-vs-haier-tundra-dc-inverter/,draft,noindex,Full source verification and owner approval required before indexing
/compare/chigo-sunrise-inverter-268-vs-haier-tundra-on-off/,draft,noindex,Full source verification and owner approval required before indexing
/compare/chigo-sunrise-inverter-268-vs-haier-quantum-inverter/,draft,noindex,Full source verification and owner approval required before indexing
/compare/chigo-sunrise-inverter-268-vs-haier-quantum-on-off/,draft,noindex,Full source verification and owner approval required before indexing
/compare/chigo-sunrise-inverter-268-vs-haier-leader-a/,draft,noindex,Full source verification and owner approval required before indexing
/compare/chigo-sunrise-inverter-268-vs-jax-murray-acy-he-r32-new/,draft,noindex,Full source verification and owner approval required before indexing
/compare/chigo-sunrise-inverter-268-vs-jax-hayman-aci-he-neo-r32/,draft,noindex,Full source verification and owner approval required before indexing
/compare/chigo-sunrise-inverter-268-vs-jax-brisbane-aciu-he-r32/,draft,noindex,Full source verification and owner approval required before indexing
/compare/chigo-sunrise-inverter-268-vs-jax-tasmania-acn-he-r32/,draft,noindex,Full source verification and owner approval required before indexing
/compare/chigo-sunrise-inverter-268-vs-jax-melbourne-acm-he/,draft,noindex,Full source verification and owner approval required before indexing
/compare/chigo-sunrise-inverter-268-vs-jax-york-ace-he-neo/,draft,noindex,Full source verification and owner approval required before indexing
/compare/chigo-sunrise-inverter-268-vs-jax-adelaide-aci-he/,draft,noindex,Full source verification and owner approval required before indexing
/compare/chigo-sunrise-inverter-268-vs-jax-darwin-ack-he/,draft,noindex,Full source verification and owner approval required before indexing
/compare/chigo-sunrise-inverter-268-vs-rovex-smart-pro-rs-pxi6-pro/,draft,noindex,Full source verification and owner approval required before indexing
/compare/chigo-sunrise-inverter-268-vs-rovex-smart-rs-pxi6/,draft,noindex,Full source verification and owner approval required before indexing
/compare/chigo-sunrise-inverter-268-vs-rovex-star-s-abs-he-s/,draft,noindex,Full source verification and owner approval required before indexing
/compare/chigo-sunrise-inverter-268-vs-rovex-star-n-abs-he-n/,draft,noindex,Full source verification and owner approval required before indexing
/compare/chigo-sunrise-inverter-268-vs-rovex-rich-rs-muin1/,draft,noindex,Full source verification and owner approval required before indexing
/compare/chigo-sunrise-inverter-268-vs-rovex-megapolis-rs-cbs4/,draft,noindex,Full source verification and owner approval required before indexing
/compare/chigo-sunrise-inverter-268-vs-rovex-city-pro-rs-cst4-pro/,draft,noindex,Full source verification and owner approval required before indexing
/compare/chigo-sunrise-inverter-268-vs-rovex-city-rs-cst4/,draft,noindex,Full source verification and owner approval required before indexing
/compare/chigo-sunrise-inverter-268-vs-rovex-mira-s-ast-he-s/,draft,noindex,Full source verification and owner approval required before indexing
/compare/chigo-sunrise-inverter-268-vs-rovex-mira-n-ast-he-n/,draft,noindex,Full source verification and owner approval required before indexing
/compare/chigo-sunrise-inverter-268-vs-rovex-grace-rs-mst1/,draft,noindex,Full source verification and owner approval required before indexing
/compare/chigo-sunrise-inverter-268-vs-rovex-cst-5-unite/,draft,noindex,Full source verification and owner approval required before indexing
/compare/chigo-sunrise-inverter-268-vs-rovex-cst5-pro/,draft,noindex,Full source verification and owner approval required before indexing
/compare/chigo-sunrise-inverter-268-vs-rovex-rs-cbs5-pro/,draft,noindex,Full source verification and owner approval required before indexing
/compare/chigo-sunrise-inverter-268-vs-vickers-rook-vch-he/,draft,noindex,Full source verification and owner approval required before indexing
/compare/chigo-sunrise-inverter-268-vs-vickers-tanya/,draft,noindex,Full source verification and owner approval required before indexing
/compare/chigo-sunrise-inverter-268-vs-vickers-tanya-max/,draft,noindex,Full source verification and owner approval required before indexing
/compare/chigo-sunrise-inverter-268-vs-vickers-vera-max-vg-he-max/,draft,noindex,Full source verification and owner approval required before indexing
/compare/chigo-sunrise-inverter-268-vs-vickers-vera-vg-he/,draft,noindex,Full source verification and owner approval required before indexing
/compare/chigo-sunrise-inverter-268-vs-vickers-viking-ve-he/,draft,noindex,Full source verification and owner approval required before indexing
/compare/chigo-alba-inverter-150-vs-chigo-king-inverter-172/,draft,noindex,Full source verification and owner approval required before indexing
/compare/chigo-alba-inverter-150-vs-chigo-lotos-on-off-169/,draft,noindex,Full source verification and owner approval required before indexing
/compare/chigo-alba-inverter-150-vs-chigo-moon-on-off-181/,draft,noindex,Full source verification and owner approval required before indexing
/compare/chigo-alba-inverter-150-vs-haier-jade-super-match/,draft,noindex,Full source verification and owner approval required before indexing
/compare/chigo-alba-inverter-150-vs-haier-flexis-super-match/,draft,noindex,Full source verification and owner approval required before indexing
/compare/chigo-alba-inverter-150-vs-haier-stellar-hp-minus-20/,draft,noindex,Full source verification and owner approval required before indexing
/compare/chigo-alba-inverter-150-vs-haier-flexis-on-off/,draft,noindex,Full source verification and owner approval required before indexing
/compare/chigo-alba-inverter-150-vs-haier-coral-dc-inverter/,draft,noindex,Full source verification and owner approval required before indexing
/compare/chigo-alba-inverter-150-vs-haier-coral-on-off/,draft,noindex,Full source verification and owner approval required before indexing
/compare/chigo-alba-inverter-150-vs-haier-tundra-dc-inverter/,draft,noindex,Full source verification and owner approval required before indexing
/compare/chigo-alba-inverter-150-vs-haier-tundra-on-off/,draft,noindex,Full source verification and owner approval required before indexing
/compare/chigo-alba-inverter-150-vs-haier-quantum-inverter/,draft,noindex,Full source verification and owner approval required before indexing
/compare/chigo-alba-inverter-150-vs-haier-quantum-on-off/,draft,noindex,Full source verification and owner approval required before indexing
/compare/chigo-alba-inverter-150-vs-haier-leader-a/,draft,noindex,Full source verification and owner approval required before indexing
/compare/chigo-alba-inverter-150-vs-jax-murray-acy-he-r32-new/,draft,noindex,Full source verification and owner approval required before indexing
/compare/chigo-alba-inverter-150-vs-jax-hayman-aci-he-neo-r32/,draft,noindex,Full source verification and owner approval required before indexing
/compare/chigo-alba-inverter-150-vs-jax-brisbane-aciu-he-r32/,draft,noindex,Full source verification and owner approval required before indexing
/compare/chigo-alba-inverter-150-vs-jax-tasmania-acn-he-r32/,draft,noindex,Full source verification and owner approval required before indexing
/compare/chigo-alba-inverter-150-vs-jax-melbourne-acm-he/,draft,noindex,Full source verification and owner approval required before indexing
/compare/chigo-alba-inverter-150-vs-jax-york-ace-he-neo/,draft,noindex,Full source verification and owner approval required before indexing
/compare/chigo-alba-inverter-150-vs-jax-adelaide-aci-he/,draft,noindex,Full source verification and owner approval required before indexing
/compare/chigo-alba-inverter-150-vs-jax-darwin-ack-he/,draft,noindex,Full source verification and owner approval required before indexing
/compare/chigo-alba-inverter-150-vs-rovex-smart-pro-rs-pxi6-pro/,draft,noindex,Full source verification and owner approval required before indexing
/compare/chigo-alba-inverter-150-vs-rovex-smart-rs-pxi6/,draft,noindex,Full source verification and owner approval required before indexing
/compare/chigo-alba-inverter-150-vs-rovex-star-s-abs-he-s/,draft,noindex,Full source verification and owner approval required before indexing
/compare/chigo-alba-inverter-150-vs-rovex-star-n-abs-he-n/,draft,noindex,Full source verification and owner approval required before indexing
/compare/chigo-alba-inverter-150-vs-rovex-rich-rs-muin1/,draft,noindex,Full source verification and owner approval required before indexing
/compare/chigo-alba-inverter-150-vs-rovex-megapolis-rs-cbs4/,draft,noindex,Full source verification and owner approval required before indexing
/compare/chigo-alba-inverter-150-vs-rovex-city-pro-rs-cst4-pro/,draft,noindex,Full source verification and owner approval required before indexing
/compare/chigo-alba-inverter-150-vs-rovex-city-rs-cst4/,draft,noindex,Full source verification and owner approval required before indexing
/compare/chigo-alba-inverter-150-vs-rovex-mira-s-ast-he-s/,draft,noindex,Full source verification and owner approval required before indexing
/compare/chigo-alba-inverter-150-vs-rovex-mira-n-ast-he-n/,draft,noindex,Full source verification and owner approval required before indexing
/compare/chigo-alba-inverter-150-vs-rovex-grace-rs-mst1/,draft,noindex,Full source verification and owner approval required before indexing
/compare/chigo-alba-inverter-150-vs-rovex-cst-5-unite/,draft,noindex,Full source verification and owner approval required before indexing
/compare/chigo-alba-inverter-150-vs-rovex-cst5-pro/,draft,noindex,Full source verification and owner approval required before indexing
/compare/chigo-alba-inverter-150-vs-rovex-rs-cbs5-pro/,draft,noindex,Full source verification and owner approval required before indexing
/compare/chigo-alba-inverter-150-vs-vickers-rook-vch-he/,draft,noindex,Full source verification and owner approval required before indexing
/compare/chigo-alba-inverter-150-vs-vickers-tanya/,draft,noindex,Full source verification and owner approval required before indexing
/compare/chigo-alba-inverter-150-vs-vickers-tanya-max/,draft,noindex,Full source verification and owner approval required before indexing
/compare/chigo-alba-inverter-150-vs-vickers-vera-max-vg-he-max/,draft,noindex,Full source verification and owner approval required before indexing
/compare/chigo-alba-inverter-150-vs-vickers-vera-vg-he/,draft,noindex,Full source verification and owner approval required before indexing
/compare/chigo-alba-inverter-150-vs-vickers-viking-ve-he/,draft,noindex,Full source verification and owner approval required before indexing
/compare/chigo-king-inverter-172-vs-chigo-lotos-on-off-169/,draft,noindex,Full source verification and owner approval required before indexing
/compare/chigo-king-inverter-172-vs-chigo-moon-on-off-181/,draft,noindex,Full source verification and owner approval required before indexing
/compare/chigo-king-inverter-172-vs-haier-jade-super-match/,draft,noindex,Full source verification and owner approval required before indexing
/compare/chigo-king-inverter-172-vs-haier-flexis-super-match/,draft,noindex,Full source verification and owner approval required before indexing
/compare/chigo-king-inverter-172-vs-haier-stellar-hp-minus-20/,draft,noindex,Full source verification and owner approval required before indexing
/compare/chigo-king-inverter-172-vs-haier-flexis-on-off/,draft,noindex,Full source verification and owner approval required before indexing
/compare/chigo-king-inverter-172-vs-haier-coral-dc-inverter/,draft,noindex,Full source verification and owner approval required before indexing
/compare/chigo-king-inverter-172-vs-haier-coral-on-off/,draft,noindex,Full source verification and owner approval required before indexing
/compare/chigo-king-inverter-172-vs-haier-tundra-dc-inverter/,draft,noindex,Full source verification and owner approval required before indexing
/compare/chigo-king-inverter-172-vs-haier-tundra-on-off/,draft,noindex,Full source verification and owner approval required before indexing
/compare/chigo-king-inverter-172-vs-haier-quantum-inverter/,draft,noindex,Full source verification and owner approval required before indexing
/compare/chigo-king-inverter-172-vs-haier-quantum-on-off/,draft,noindex,Full source verification and owner approval required before indexing
/compare/chigo-king-inverter-172-vs-haier-leader-a/,draft,noindex,Full source verification and owner approval required before indexing
/compare/chigo-king-inverter-172-vs-jax-murray-acy-he-r32-new/,draft,noindex,Full source verification and owner approval required before indexing
/compare/chigo-king-inverter-172-vs-jax-hayman-aci-he-neo-r32/,draft,noindex,Full source verification and owner approval required before indexing
/guides/basics/what-is-vrf/,draft,noindex,Full source verification and owner approval required before indexing
/guides/basics/split-vs-multi-split/,draft,noindex,Full source verification and owner approval required before indexing
/guides/basics/inverter-vs-on-off/,draft,noindex,Full source verification and owner approval required before indexing
/guides/basics/how-to-read-model-name/,draft,noindex,Full source verification and owner approval required before indexing
/guides/basics/cooling-capacity/,draft,noindex,Full source verification and owner approval required before indexing
/guides/basics/heating-capacity/,draft,noindex,Full source verification and owner approval required before indexing
/guides/basics/seer-and-scop/,draft,noindex,Full source verification and owner approval required before indexing
/guides/basics/eer-and-cop/,draft,noindex,Full source verification and owner approval required before indexing
/guides/basics/energy-class/,draft,noindex,Full source verification and owner approval required before indexing
/guides/basics/indoor-noise/,draft,noindex,Full source verification and owner approval required before indexing
/guides/basics/airflow/,draft,noindex,Full source verification and owner approval required before indexing
/guides/basics/operating-temperatures/,draft,noindex,Full source verification and owner approval required before indexing
/guides/basics/refrigerant-r32/,draft,noindex,Full source verification and owner approval required before indexing
/guides/basics/wifi-control/,draft,noindex,Full source verification and owner approval required before indexing
/guides/basics/voice-assistants/,draft,noindex,Full source verification and owner approval required before indexing
/guides/basics/self-cleaning/,draft,noindex,Full source verification and owner approval required before indexing
/guides/basics/blue-fin/,draft,noindex,Full source verification and owner approval required before indexing
/guides/basics/installation-route/,draft,noindex,Full source verification and owner approval required before indexing
/guides/basics/condensate-drainage/,draft,noindex,Full source verification and owner approval required before indexing
/guides/basics/electrical-requirements/,draft,noindex,Full source verification and owner approval required before indexing
/guides/basics/outdoor-unit-placement/,draft,noindex,Full source verification and owner approval required before indexing
/guides/basics/indoor-unit-placement/,draft,noindex,Full source verification and owner approval required before indexing
/guides/basics/fresh-air-basics/,draft,noindex,Full source verification and owner approval required before indexing
/guides/basics/ventilation-vs-air-conditioning/,draft,noindex,Full source verification and owner approval required before indexing
/guides/basics/filter-care/,draft,noindex,Full source verification and owner approval required before indexing
/guides/basics/seasonal-maintenance/,draft,noindex,Full source verification and owner approval required before indexing
/guides/basics/warranty-documents/,draft,noindex,Full source verification and owner approval required before indexing
/guides/basics/how-to-compare-models/,draft,noindex,Full source verification and owner approval required before indexing
/guides/basics/how-to-prepare-plans/,draft,noindex,Full source verification and owner approval required before indexing
/guides/basics/questions-for-engineer/,draft,noindex,Full source verification and owner approval required before indexing
/guides/home/what-is-vrf/,draft,noindex,Full source verification and owner approval required before indexing
/guides/home/split-vs-multi-split/,draft,noindex,Full source verification and owner approval required before indexing
/guides/home/inverter-vs-on-off/,draft,noindex,Full source verification and owner approval required before indexing
/guides/home/how-to-read-model-name/,draft,noindex,Full source verification and owner approval required before indexing
/guides/home/cooling-capacity/,draft,noindex,Full source verification and owner approval required before indexing
/guides/home/heating-capacity/,draft,noindex,Full source verification and owner approval required before indexing
/guides/home/seer-and-scop/,draft,noindex,Full source verification and owner approval required before indexing
/guides/home/eer-and-cop/,draft,noindex,Full source verification and owner approval required before indexing
/guides/home/energy-class/,draft,noindex,Full source verification and owner approval required before indexing
/guides/home/indoor-noise/,draft,noindex,Full source verification and owner approval required before indexing
/guides/home/airflow/,draft,noindex,Full source verification and owner approval required before indexing
/guides/home/operating-temperatures/,draft,noindex,Full source verification and owner approval required before indexing
/guides/home/refrigerant-r32/,draft,noindex,Full source verification and owner approval required before indexing
/guides/home/wifi-control/,draft,noindex,Full source verification and owner approval required before indexing
/guides/home/voice-assistants/,draft,noindex,Full source verification and owner approval required before indexing
/guides/home/self-cleaning/,draft,noindex,Full source verification and owner approval required before indexing
/guides/home/blue-fin/,draft,noindex,Full source verification and owner approval required before indexing
/guides/home/installation-route/,draft,noindex,Full source verification and owner approval required before indexing
/guides/home/condensate-drainage/,draft,noindex,Full source verification and owner approval required before indexing
/guides/home/electrical-requirements/,draft,noindex,Full source verification and owner approval required before indexing
/guides/home/outdoor-unit-placement/,draft,noindex,Full source verification and owner approval required before indexing
/guides/home/indoor-unit-placement/,draft,noindex,Full source verification and owner approval required before indexing
/guides/home/fresh-air-basics/,draft,noindex,Full source verification and owner approval required before indexing
/guides/home/ventilation-vs-air-conditioning/,draft,noindex,Full source verification and owner approval required before indexing
/guides/home/filter-care/,draft,noindex,Full source verification and owner approval required before indexing
/guides/home/seasonal-maintenance/,draft,noindex,Full source verification and owner approval required before indexing
/guides/home/warranty-documents/,draft,noindex,Full source verification and owner approval required before indexing
/guides/home/how-to-compare-models/,draft,noindex,Full source verification and owner approval required before indexing
/guides/home/how-to-prepare-plans/,draft,noindex,Full source verification and owner approval required before indexing
/guides/home/questions-for-engineer/,draft,noindex,Full source verification and owner approval required before indexing
/guides/business/what-is-vrf/,draft,noindex,Full source verification and owner approval required before indexing
/guides/business/split-vs-multi-split/,draft,noindex,Full source verification and owner approval required before indexing
/guides/business/inverter-vs-on-off/,draft,noindex,Full source verification and owner approval required before indexing
/guides/business/how-to-read-model-name/,draft,noindex,Full source verification and owner approval required before indexing
/guides/business/cooling-capacity/,draft,noindex,Full source verification and owner approval required before indexing
/guides/business/heating-capacity/,draft,noindex,Full source verification and owner approval required before indexing
/guides/business/seer-and-scop/,draft,noindex,Full source verification and owner approval required before indexing
/guides/business/eer-and-cop/,draft,noindex,Full source verification and owner approval required before indexing
/guides/business/energy-class/,draft,noindex,Full source verification and owner approval required before indexing
/guides/business/indoor-noise/,draft,noindex,Full source verification and owner approval required before indexing
/guides/business/airflow/,draft,noindex,Full source verification and owner approval required before indexing
/guides/business/operating-temperatures/,draft,noindex,Full source verification and owner approval required before indexing
/guides/business/refrigerant-r32/,draft,noindex,Full source verification and owner approval required before indexing
/guides/business/wifi-control/,draft,noindex,Full source verification and owner approval required before indexing
/guides/business/voice-assistants/,draft,noindex,Full source verification and owner approval required before indexing
/guides/business/self-cleaning/,draft,noindex,Full source verification and owner approval required before indexing
/guides/business/blue-fin/,draft,noindex,Full source verification and owner approval required before indexing
/guides/business/installation-route/,draft,noindex,Full source verification and owner approval required before indexing
/guides/business/condensate-drainage/,draft,noindex,Full source verification and owner approval required before indexing
/guides/business/electrical-requirements/,draft,noindex,Full source verification and owner approval required before indexing
/guides/business/outdoor-unit-placement/,draft,noindex,Full source verification and owner approval required before indexing
/guides/business/indoor-unit-placement/,draft,noindex,Full source verification and owner approval required before indexing
/guides/business/fresh-air-basics/,draft,noindex,Full source verification and owner approval required before indexing
/guides/business/ventilation-vs-air-conditioning/,draft,noindex,Full source verification and owner approval required before indexing
/guides/business/filter-care/,draft,noindex,Full source verification and owner approval required before indexing
/guides/business/seasonal-maintenance/,draft,noindex,Full source verification and owner approval required before indexing
/guides/business/warranty-documents/,draft,noindex,Full source verification and owner approval required before indexing
/guides/business/how-to-compare-models/,draft,noindex,Full source verification and owner approval required before indexing
/guides/business/how-to-prepare-plans/,draft,noindex,Full source verification and owner approval required before indexing
/guides/business/questions-for-engineer/,draft,noindex,Full source verification and owner approval required before indexing
/guides/engineering/what-is-vrf/,draft,noindex,Full source verification and owner approval required before indexing
/guides/engineering/split-vs-multi-split/,draft,noindex,Full source verification and owner approval required before indexing
/guides/engineering/inverter-vs-on-off/,draft,noindex,Full source verification and owner approval required before indexing
/guides/engineering/how-to-read-model-name/,draft,noindex,Full source verification and owner approval required before indexing
/guides/engineering/cooling-capacity/,draft,noindex,Full source verification and owner approval required before indexing
/guides/engineering/heating-capacity/,draft,noindex,Full source verification and owner approval required before indexing
/guides/engineering/seer-and-scop/,draft,noindex,Full source verification and owner approval required before indexing
/guides/engineering/eer-and-cop/,draft,noindex,Full source verification and owner approval required before indexing
/guides/engineering/energy-class/,draft,noindex,Full source verification and owner approval required before indexing
/guides/engineering/indoor-noise/,draft,noindex,Full source verification and owner approval required before indexing
/guides/engineering/airflow/,draft,noindex,Full source verification and owner approval required before indexing
/guides/engineering/operating-temperatures/,draft,noindex,Full source verification and owner approval required before indexing
/guides/engineering/refrigerant-r32/,draft,noindex,Full source verification and owner approval required before indexing
/guides/engineering/wifi-control/,draft,noindex,Full source verification and owner approval required before indexing
/guides/engineering/voice-assistants/,draft,noindex,Full source verification and owner approval required before indexing
/guides/engineering/self-cleaning/,draft,noindex,Full source verification and owner approval required before indexing
/guides/engineering/blue-fin/,draft,noindex,Full source verification and owner approval required before indexing
/guides/engineering/installation-route/,draft,noindex,Full source verification and owner approval required before indexing
/guides/engineering/condensate-drainage/,draft,noindex,Full source verification and owner approval required before indexing
/guides/engineering/electrical-requirements/,draft,noindex,Full source verification and owner approval required before indexing
/guides/engineering/outdoor-unit-placement/,draft,noindex,Full source verification and owner approval required before indexing
/guides/engineering/indoor-unit-placement/,draft,noindex,Full source verification and owner approval required before indexing
/guides/engineering/fresh-air-basics/,draft,noindex,Full source verification and owner approval required before indexing
/guides/engineering/ventilation-vs-air-conditioning/,draft,noindex,Full source verification and owner approval required before indexing
/guides/engineering/filter-care/,draft,noindex,Full source verification and owner approval required before indexing
/guides/engineering/seasonal-maintenance/,draft,noindex,Full source verification and owner approval required before indexing
/guides/engineering/warranty-documents/,draft,noindex,Full source verification and owner approval required before indexing
/guides/engineering/how-to-compare-models/,draft,noindex,Full source verification and owner approval required before indexing
/guides/engineering/how-to-prepare-plans/,draft,noindex,Full source verification and owner approval required before indexing
/guides/engineering/questions-for-engineer/,draft,noindex,Full source verification and owner approval required before indexing
/diagnostics/split/not-cooling/,draft,noindex,Full source verification and owner approval required before indexing
/diagnostics/split/weak-airflow/,draft,noindex,Full source verification and owner approval required before indexing
/diagnostics/split/water-leak/,draft,noindex,Full source verification and owner approval required before indexing
/diagnostics/split/unusual-noise/,draft,noindex,Full source verification and owner approval required before indexing
/diagnostics/split/vibration/,draft,noindex,Full source verification and owner approval required before indexing
/diagnostics/split/bad-smell/,draft,noindex,Full source verification and owner approval required before indexing
/diagnostics/split/not-starting/,draft,noindex,Full source verification and owner approval required before indexing
/diagnostics/split/turns-off/,draft,noindex,Full source verification and owner approval required before indexing
/diagnostics/split/ice-on-unit/,draft,noindex,Full source verification and owner approval required before indexing
/diagnostics/split/error-code/,draft,noindex,Full source verification and owner approval required before indexing
/diagnostics/split/remote-not-working/,draft,noindex,Full source verification and owner approval required before indexing
/diagnostics/split/wifi-not-connecting/,draft,noindex,Full source verification and owner approval required before indexing
/diagnostics/split/heating-poorly/,draft,noindex,Full source verification and owner approval required before indexing
/diagnostics/split/outdoor-unit-noise/,draft,noindex,Full source verification and owner approval required before indexing
/diagnostics/split/high-electricity-use/,draft,noindex,Full source verification and owner approval required before indexing
/diagnostics/split/frequent-cycling/,draft,noindex,Full source verification and owner approval required before indexing
/diagnostics/split/condensate-problem/,draft,noindex,Full source verification and owner approval required before indexing
/diagnostics/split/filter-warning/,draft,noindex,Full source verification and owner approval required before indexing
/diagnostics/split/after-power-outage/,draft,noindex,Full source verification and owner approval required before indexing
/diagnostics/split/seasonal-start-problem/,draft,noindex,Full source verification and owner approval required before indexing
/diagnostics/multi-split/not-cooling/,draft,noindex,Full source verification and owner approval required before indexing
/diagnostics/multi-split/weak-airflow/,draft,noindex,Full source verification and owner approval required before indexing
/diagnostics/multi-split/water-leak/,draft,noindex,Full source verification and owner approval required before indexing
/diagnostics/multi-split/unusual-noise/,draft,noindex,Full source verification and owner approval required before indexing
/diagnostics/multi-split/vibration/,draft,noindex,Full source verification and owner approval required before indexing
/diagnostics/multi-split/bad-smell/,draft,noindex,Full source verification and owner approval required before indexing
/diagnostics/multi-split/not-starting/,draft,noindex,Full source verification and owner approval required before indexing
/diagnostics/multi-split/turns-off/,draft,noindex,Full source verification and owner approval required before indexing
/diagnostics/multi-split/ice-on-unit/,draft,noindex,Full source verification and owner approval required before indexing
/diagnostics/multi-split/error-code/,draft,noindex,Full source verification and owner approval required before indexing
/diagnostics/multi-split/remote-not-working/,draft,noindex,Full source verification and owner approval required before indexing
/diagnostics/multi-split/wifi-not-connecting/,draft,noindex,Full source verification and owner approval required before indexing
/diagnostics/multi-split/heating-poorly/,draft,noindex,Full source verification and owner approval required before indexing
/diagnostics/multi-split/outdoor-unit-noise/,draft,noindex,Full source verification and owner approval required before indexing
/diagnostics/multi-split/high-electricity-use/,draft,noindex,Full source verification and owner approval required before indexing
/diagnostics/multi-split/frequent-cycling/,draft,noindex,Full source verification and owner approval required before indexing
/diagnostics/multi-split/condensate-problem/,draft,noindex,Full source verification and owner approval required before indexing
/diagnostics/multi-split/filter-warning/,draft,noindex,Full source verification and owner approval required before indexing
/diagnostics/multi-split/after-power-outage/,draft,noindex,Full source verification and owner approval required before indexing
/diagnostics/multi-split/seasonal-start-problem/,draft,noindex,Full source verification and owner approval required before indexing
/diagnostics/vrf/not-cooling/,draft,noindex,Full source verification and owner approval required before indexing
/diagnostics/vrf/weak-airflow/,draft,noindex,Full source verification and owner approval required before indexing
/diagnostics/vrf/water-leak/,draft,noindex,Full source verification and owner approval required before indexing
/diagnostics/vrf/unusual-noise/,draft,noindex,Full source verification and owner approval required before indexing
/diagnostics/vrf/vibration/,draft,noindex,Full source verification and owner approval required before indexing
/diagnostics/vrf/bad-smell/,draft,noindex,Full source verification and owner approval required before indexing
/diagnostics/vrf/not-starting/,draft,noindex,Full source verification and owner approval required before indexing
/diagnostics/vrf/turns-off/,draft,noindex,Full source verification and owner approval required before indexing
/diagnostics/vrf/ice-on-unit/,draft,noindex,Full source verification and owner approval required before indexing
/diagnostics/vrf/error-code/,draft,noindex,Full source verification and owner approval required before indexing
/diagnostics/vrf/remote-not-working/,draft,noindex,Full source verification and owner approval required before indexing
/diagnostics/vrf/wifi-not-connecting/,draft,noindex,Full source verification and owner approval required before indexing
/diagnostics/vrf/heating-poorly/,draft,noindex,Full source verification and owner approval required before indexing
/diagnostics/vrf/outdoor-unit-noise/,draft,noindex,Full source verification and owner approval required before indexing
/diagnostics/vrf/high-electricity-use/,draft,noindex,Full source verification and owner approval required before indexing
/diagnostics/vrf/frequent-cycling/,draft,noindex,Full source verification and owner approval required before indexing
/diagnostics/vrf/condensate-problem/,draft,noindex,Full source verification and owner approval required before indexing
/diagnostics/vrf/filter-warning/,draft,noindex,Full source verification and owner approval required before indexing
/diagnostics/vrf/after-power-outage/,draft,noindex,Full source verification and owner approval required before indexing
/diagnostics/vrf/seasonal-start-problem/,draft,noindex,Full source verification and owner approval required before indexing
/diagnostics/duct/not-cooling/,draft,noindex,Full source verification and owner approval required before indexing
/diagnostics/duct/weak-airflow/,draft,noindex,Full source verification and owner approval required before indexing
/diagnostics/duct/water-leak/,draft,noindex,Full source verification and owner approval required before indexing
/diagnostics/duct/unusual-noise/,draft,noindex,Full source verification and owner approval required before indexing
/diagnostics/duct/vibration/,draft,noindex,Full source verification and owner approval required before indexing
/diagnostics/duct/bad-smell/,draft,noindex,Full source verification and owner approval required before indexing
/diagnostics/duct/not-starting/,draft,noindex,Full source verification and owner approval required before indexing
/diagnostics/duct/turns-off/,draft,noindex,Full source verification and owner approval required before indexing
/diagnostics/duct/ice-on-unit/,draft,noindex,Full source verification and owner approval required before indexing
/diagnostics/duct/error-code/,draft,noindex,Full source verification and owner approval required before indexing
/diagnostics/duct/remote-not-working/,draft,noindex,Full source verification and owner approval required before indexing
/diagnostics/duct/wifi-not-connecting/,draft,noindex,Full source verification and owner approval required before indexing
/diagnostics/duct/heating-poorly/,draft,noindex,Full source verification and owner approval required before indexing
/diagnostics/duct/outdoor-unit-noise/,draft,noindex,Full source verification and owner approval required before indexing
/diagnostics/duct/high-electricity-use/,draft,noindex,Full source verification and owner approval required before indexing
/diagnostics/duct/frequent-cycling/,draft,noindex,Full source verification and owner approval required before indexing
/diagnostics/duct/condensate-problem/,draft,noindex,Full source verification and owner approval required before indexing
/diagnostics/duct/filter-warning/,draft,noindex,Full source verification and owner approval required before indexing
/diagnostics/duct/after-power-outage/,draft,noindex,Full source verification and owner approval required before indexing
/diagnostics/duct/seasonal-start-problem/,draft,noindex,Full source verification and owner approval required before indexing
/diagnostics/cassette/not-cooling/,draft,noindex,Full source verification and owner approval required before indexing
/diagnostics/cassette/weak-airflow/,draft,noindex,Full source verification and owner approval required before indexing
/diagnostics/cassette/water-leak/,draft,noindex,Full source verification and owner approval required before indexing
/diagnostics/cassette/unusual-noise/,draft,noindex,Full source verification and owner approval required before indexing
/diagnostics/cassette/vibration/,draft,noindex,Full source verification and owner approval required before indexing
/diagnostics/cassette/bad-smell/,draft,noindex,Full source verification and owner approval required before indexing
/diagnostics/cassette/not-starting/,draft,noindex,Full source verification and owner approval required before indexing
/diagnostics/cassette/turns-off/,draft,noindex,Full source verification and owner approval required before indexing
/diagnostics/cassette/ice-on-unit/,draft,noindex,Full source verification and owner approval required before indexing
/diagnostics/cassette/error-code/,draft,noindex,Full source verification and owner approval required before indexing
/diagnostics/cassette/remote-not-working/,draft,noindex,Full source verification and owner approval required before indexing
/diagnostics/cassette/wifi-not-connecting/,draft,noindex,Full source verification and owner approval required before indexing
/diagnostics/cassette/heating-poorly/,draft,noindex,Full source verification and owner approval required before indexing
/diagnostics/cassette/outdoor-unit-noise/,draft,noindex,Full source verification and owner approval required before indexing
/diagnostics/cassette/high-electricity-use/,draft,noindex,Full source verification and owner approval required before indexing
/diagnostics/cassette/frequent-cycling/,draft,noindex,Full source verification and owner approval required before indexing
/diagnostics/cassette/condensate-problem/,draft,noindex,Full source verification and owner approval required before indexing
/diagnostics/cassette/filter-warning/,draft,noindex,Full source verification and owner approval required before indexing
/diagnostics/cassette/after-power-outage/,draft,noindex,Full source verification and owner approval required before indexing
/diagnostics/cassette/seasonal-start-problem/,draft,noindex,Full source verification and owner approval required before indexing
/glossary/airflow/,draft,noindex,Full source verification and owner approval required before indexing
/glossary/bms/,draft,noindex,Full source verification and owner approval required before indexing
/glossary/blue-fin/,draft,noindex,Full source verification and owner approval required before indexing
/glossary/btu/,draft,noindex,Full source verification and owner approval required before indexing
/glossary/cassette-unit/,draft,noindex,Full source verification and owner approval required before indexing
/glossary/central-controller/,draft,noindex,Full source verification and owner approval required before indexing
/glossary/coefficient-of-performance/,draft,noindex,Full source verification and owner approval required before indexing
/glossary/commissioning/,draft,noindex,Full source verification and owner approval required before indexing
/glossary/compressor/,draft,noindex,Full source verification and owner approval required before indexing
/glossary/condensate/,draft,noindex,Full source verification and owner approval required before indexing
/glossary/condensate-pump/,draft,noindex,Full source verification and owner approval required before indexing
/glossary/cooling-capacity/,draft,noindex,Full source verification and owner approval required before indexing
/glossary/cop/,draft,noindex,Full source verification and owner approval required before indexing
/glossary/dc-inverter/,draft,noindex,Full source verification and owner approval required before indexing
/glossary/dehumidification/,draft,noindex,Full source verification and owner approval required before indexing
/glossary/drainage/,draft,noindex,Full source verification and owner approval required before indexing
/glossary/duct-unit/,draft,noindex,Full source verification and owner approval required before indexing
/glossary/eer/,draft,noindex,Full source verification and owner approval required before indexing
/glossary/energy-class/,draft,noindex,Full source verification and owner approval required before indexing
/glossary/evaporator/,draft,noindex,Full source verification and owner approval required before indexing
/glossary/fresh-air/,draft,noindex,Full source verification and owner approval required before indexing
/glossary/heat-exchanger/,draft,noindex,Full source verification and owner approval required before indexing
/glossary/heat-pump/,draft,noindex,Full source verification and owner approval required before indexing
/glossary/heat-recovery/,draft,noindex,Full source verification and owner approval required before indexing
/glossary/heating-capacity/,draft,noindex,Full source verification and owner approval required before indexing
/glossary/height-difference/,draft,noindex,Full source verification and owner approval required before indexing
/glossary/hydrobox/,draft,noindex,Full source verification and owner approval required before indexing
/glossary/i-feel/,draft,noindex,Full source verification and owner approval required before indexing
/glossary/indoor-unit/,draft,noindex,Full source verification and owner approval required before indexing
/glossary/inverter/,draft,noindex,Full source verification and owner approval required before indexing
/glossary/maximum-pipe-length/,draft,noindex,Full source verification and owner approval required before indexing
/glossary/modbus/,draft,noindex,Full source verification and owner approval required before indexing
/glossary/multi-split/,draft,noindex,Full source verification and owner approval required before indexing
/glossary/noise-level/,draft,noindex,Full source verification and owner approval required before indexing
/glossary/on-off/,draft,noindex,Full source verification and owner approval required before indexing
/glossary/outdoor-unit/,draft,noindex,Full source verification and owner approval required before indexing
/glossary/pressure-testing/,draft,noindex,Full source verification and owner approval required before indexing
/glossary/refrigerant/,draft,noindex,Full source verification and owner approval required before indexing
/glossary/refrigerant-charge/,draft,noindex,Full source verification and owner approval required before indexing
/glossary/refnet/,draft,noindex,Full source verification and owner approval required before indexing
/glossary/return-air/,draft,noindex,Full source verification and owner approval required before indexing
/glossary/r32/,draft,noindex,Full source verification and owner approval required before indexing
/glossary/scop/,draft,noindex,Full source verification and owner approval required before indexing
/glossary/seer/,draft,noindex,Full source verification and owner approval required before indexing
/glossary/service-access/,draft,noindex,Full source verification and owner approval required before indexing
/glossary/simultaneity-factor/,draft,noindex,Full source verification and owner approval required before indexing
/glossary/split-system/,draft,noindex,Full source verification and owner approval required before indexing
/glossary/static-pressure/,draft,noindex,Full source verification and owner approval required before indexing
/glossary/supply-air/,draft,noindex,Full source verification and owner approval required before indexing
/glossary/temperature-range/,draft,noindex,Full source verification and owner approval required before indexing
/glossary/thermal-insulation/,draft,noindex,Full source verification and owner approval required before indexing
/glossary/three-pipe-vrf/,draft,noindex,Full source verification and owner approval required before indexing
/glossary/two-pipe-vrf/,draft,noindex,Full source verification and owner approval required before indexing
/glossary/vacuuming/,draft,noindex,Full source verification and owner approval required before indexing
/glossary/ventilation/,draft,noindex,Full source verification and owner approval required before indexing
/glossary/vrf/,draft,noindex,Full source verification and owner approval required before indexing
/glossary/vrv/,draft,noindex,Full source verification and owner approval required before indexing
/glossary/wired-controller/,draft,noindex,Full source verification and owner approval required before indexing
/glossary/wireless-controller/,draft,noindex,Full source verification and owner approval required before indexing
/glossary/zoning/,draft,noindex,Full source verification and owner approval required before indexing
/cases/draft-01-apartment/,draft,noindex,Full source verification and owner approval required before indexing
/cases/draft-02-studio-apartment/,draft,noindex,Full source verification and owner approval required before indexing
/cases/draft-03-multi-room-apartment/,draft,noindex,Full source verification and owner approval required before indexing
/cases/draft-04-penthouse/,draft,noindex,Full source verification and owner approval required before indexing
/cases/draft-05-country-house/,draft,noindex,Full source verification and owner approval required before indexing
/cases/draft-06-townhouse/,draft,noindex,Full source verification and owner approval required before indexing
/cases/draft-07-cottage/,draft,noindex,Full source verification and owner approval required before indexing
/cases/draft-08-office/,draft,noindex,Full source verification and owner approval required before indexing
/cases/draft-09-open-space/,draft,noindex,Full source verification and owner approval required before indexing
/cases/draft-10-executive-office/,draft,noindex,Full source verification and owner approval required before indexing
/cases/draft-11-meeting-room/,draft,noindex,Full source verification and owner approval required before indexing
/cases/draft-12-server-room/,draft,noindex,Full source verification and owner approval required before indexing
/cases/draft-13-data-center/,draft,noindex,Full source verification and owner approval required before indexing
/cases/draft-14-retail-store/,draft,noindex,Full source verification and owner approval required before indexing
/cases/draft-15-shopping-center/,draft,noindex,Full source verification and owner approval required before indexing
/cases/draft-16-supermarket/,draft,noindex,Full source verification and owner approval required before indexing
/cases/draft-17-pharmacy/,draft,noindex,Full source verification and owner approval required before indexing
/cases/draft-18-restaurant/,draft,noindex,Full source verification and owner approval required before indexing
/cases/draft-19-cafe/,draft,noindex,Full source verification and owner approval required before indexing
/cases/draft-20-coffee-shop/,draft,noindex,Full source verification and owner approval required before indexing
/cases/draft-21-commercial-kitchen/,draft,noindex,Full source verification and owner approval required before indexing
/cases/draft-22-bakery/,draft,noindex,Full source verification and owner approval required before indexing
/cases/draft-23-hotel/,draft,noindex,Full source verification and owner approval required before indexing
/cases/draft-24-mini-hotel/,draft,noindex,Full source verification and owner approval required before indexing
/cases/draft-25-hostel/,draft,noindex,Full source verification and owner approval required before indexing
/cases/draft-26-fitness-club/,draft,noindex,Full source verification and owner approval required before indexing
/cases/draft-27-gym/,draft,noindex,Full source verification and owner approval required before indexing
/cases/draft-28-yoga-studio/,draft,noindex,Full source verification and owner approval required before indexing
/cases/draft-29-beauty-salon/,draft,noindex,Full source verification and owner approval required before indexing
/cases/draft-30-barbershop/,draft,noindex,Full source verification and owner approval required before indexing
/cases/draft-31-medical-clinic/,draft,noindex,Full source verification and owner approval required before indexing
/cases/draft-32-dental-clinic/,draft,noindex,Full source verification and owner approval required before indexing
/cases/draft-33-laboratory/,draft,noindex,Full source verification and owner approval required before indexing
/cases/draft-34-school/,draft,noindex,Full source verification and owner approval required before indexing
/cases/draft-35-kindergarten/,draft,noindex,Full source verification and owner approval required before indexing
/cases/draft-36-university/,draft,noindex,Full source verification and owner approval required before indexing
/cases/draft-37-warehouse/,draft,noindex,Full source verification and owner approval required before indexing
/cases/draft-38-cold-warehouse/,draft,noindex,Full source verification and owner approval required before indexing
/cases/draft-39-distribution-center/,draft,noindex,Full source verification and owner approval required before indexing
/cases/draft-40-workshop/,draft,noindex,Full source verification and owner approval required before indexing
/contacts/,draft,noindex,Full source verification and owner approval required before indexing
/delivery/,draft,noindex,Full source verification and owner approval required before indexing
/payment/,draft,noindex,Full source verification and owner approval required before indexing
/warranty/,draft,noindex,Full source verification and owner approval required before indexing
/returns/,draft,noindex,Full source verification and owner approval required before indexing
/privacy/,draft,noindex,Full source verification and owner approval required before indexing
/personal-data-consent/,draft,noindex,Full source verification and owner approval required before indexing
/cookies/,draft,noindex,Full source verification and owner approval required before indexing
/legal-information/,draft,noindex,Full source verification and owner approval required before indexing
/accessibility/,draft,noindex,Full source verification and owner approval required before indexing
/editorial-policy/,draft,noindex,Full source verification and owner approval required before indexing
/data-sources/,draft,noindex,Full source verification and owner approval required before indexing
/quality-policy/,draft,noindex,Full source verification and owner approval required before indexing
/authors/,draft,noindex,Full source verification and owner approval required before indexing
/sitemap/,draft,noindex,Full source verification and owner approval required before indexing
/search/,draft,noindex,Full source verification and owner approval required before indexing
/favorites/,draft,noindex,Full source verification and owner approval required before indexing
/compare/,draft,noindex,Full source verification and owner approval required before indexing
/calculator/,draft,noindex,Full source verification and owner approval required before indexing
/vrf-brief/,draft,noindex,Full source verification and owner approval required before indexing
/request/,draft,noindex,Full source verification and owner approval required before indexing
/documents/,draft,noindex,Full source verification and owner approval required before indexing
/certificates/,draft,noindex,Full source verification and owner approval required before indexing
/new-2026/,draft,noindex,Full source verification and owner approval required before indexing
/faq/,draft,noindex,Full source verification and owner approval required before indexing
/for-partners/,draft,noindex,Full source verification and owner approval required before indexing
/service-regulations/,draft,noindex,Full source verification and owner approval required before indexing
/not-found-help/,draft,noindex,Full source verification and owner approval required before indexing
