route,template,intent,primary_keyword,entity,source,owner,status,indexability,canonical,last_verified,quality_score
/,home,Главная точка входа и предварительный подбор,кондиционирование и вентиляция,СНЕГ,MASTER_PROMPT + verified UI copy,product,review,noindex,/,2026-08-20,78
/catalog/,catalog,Поиск и фильтрация проверенных серий,каталог кондиционеров,catalog,MASTER_PROMPT section 3,catalog,review,noindex,/catalog/,2026-08-20,65
/catalog/chigo/,brand,Навигация по сериям Chigo,кондиционеры Chigo,Chigo,MASTER_PROMPT section 3,catalog,review,noindex,/catalog/chigo/,2026-08-20,48
/catalog/haier/,brand,Навигация по сериям Haier,кондиционеры Haier,Haier,MASTER_PROMPT section 3,catalog,review,noindex,/catalog/haier/,2026-08-20,48
/catalog/jax/,brand,Навигация по сериям JAX,кондиционеры JAX,JAX,MASTER_PROMPT section 3,catalog,review,noindex,/catalog/jax/,2026-08-20,48
/catalog/rovex/,brand,Навигация по сериям Rovex,кондиционеры Rovex,Rovex,MASTER_PROMPT section 3,catalog,review,noindex,/catalog/rovex/,2026-08-20,48
/catalog/vickers/,brand,Навигация по сериям Vickers,кондиционеры Vickers,Vickers,MASTER_PROMPT section 3,catalog,review,noindex,/catalog/vickers/,2026-08-20,48
/catalog/chigo/sunrise-inverter-268/,series,Модели и варианты серии Sunrise Inverter 268,Chigo Sunrise Inverter 268,Chigo / Sunrise Inverter 268,MASTER_PROMPT section 3; technical sources required,catalog,review,noindex,/catalog/chigo/sunrise-inverter-268/,2026-08-20,42
/catalog/chigo/alba-inverter-150/,series,Модели и варианты серии Alba Inverter 150,Chigo Alba Inverter 150,Chigo / Alba Inverter 150,MASTER_PROMPT section 3; technical sources required,catalog,review,noindex,/catalog/chigo/alba-inverter-150/,2026-08-20,42
/catalog/chigo/king-inverter-172/,series,Модели и варианты серии King Inverter 172,Chigo King Inverter 172,Chigo / King Inverter 172,MASTER_PROMPT section 3; technical sources required,catalog,review,noindex,/catalog/chigo/king-inverter-172/,2026-08-20,42
/catalog/chigo/lotos-on-off-169/,series,Модели и варианты серии Lotos on-off 169,Chigo Lotos on-off 169,Chigo / Lotos on-off 169,MASTER_PROMPT section 3; technical sources required,catalog,review,noindex,/catalog/chigo/lotos-on-off-169/,2026-08-20,42
/catalog/chigo/moon-on-off-181/,series,Модели и варианты серии Moon on-off 181,Chigo Moon on-off 181,Chigo / Moon on-off 181,MASTER_PROMPT section 3; technical sources required,catalog,review,noindex,/catalog/chigo/moon-on-off-181/,2026-08-20,42
/catalog/haier/jade-super-match/,series,Модели и варианты серии Jade Super Match,Haier Jade Super Match,Haier / Jade Super Match,MASTER_PROMPT section 3; technical sources required,catalog,review,noindex,/catalog/haier/jade-super-match/,2026-08-20,42
/catalog/haier/flexis-super-match/,series,Модели и варианты серии Flexis Super Match,Haier Flexis Super Match,Haier / Flexis Super Match,MASTER_PROMPT section 3; technical sources required,catalog,review,noindex,/catalog/haier/flexis-super-match/,2026-08-20,42
/catalog/haier/stellar-hp-minus-20/,series,Модели и варианты серии Stellar HP −20 °C,Haier Stellar HP −20 °C,Haier / Stellar HP −20 °C,MASTER_PROMPT section 3; technical sources required,catalog,review,noindex,/catalog/haier/stellar-hp-minus-20/,2026-08-20,42
/catalog/haier/flexis-on-off/,series,Модели и варианты серии Flexis On-Off,Haier Flexis On-Off,Haier / Flexis On-Off,MASTER_PROMPT section 3; technical sources required,catalog,review,noindex,/catalog/haier/flexis-on-off/,2026-08-20,42
/catalog/haier/coral-dc-inverter/,series,Модели и варианты серии Coral DC-Inverter,Haier Coral DC-Inverter,Haier / Coral DC-Inverter,MASTER_PROMPT section 3; technical sources required,catalog,review,noindex,/catalog/haier/coral-dc-inverter/,2026-08-20,42
/catalog/haier/coral-on-off/,series,Модели и варианты серии Coral On-Off,Haier Coral On-Off,Haier / Coral On-Off,MASTER_PROMPT section 3; technical sources required,catalog,review,noindex,/catalog/haier/coral-on-off/,2026-08-20,42
/catalog/haier/tundra-dc-inverter/,series,Модели и варианты серии Tundra DC-Inverter,Haier Tundra DC-Inverter,Haier / Tundra DC-Inverter,MASTER_PROMPT section 3; technical sources required,catalog,review,noindex,/catalog/haier/tundra-dc-inverter/,2026-08-20,42
/catalog/haier/tundra-on-off/,series,Модели и варианты серии Tundra On-Off,Haier Tundra On-Off,Haier / Tundra On-Off,MASTER_PROMPT section 3; technical sources required,catalog,review,noindex,/catalog/haier/tundra-on-off/,2026-08-20,42
/catalog/haier/quantum-inverter/,series,Модели и варианты серии Quantum Inverter,Haier Quantum Inverter,Haier / Quantum Inverter,MASTER_PROMPT section 3; technical sources required,catalog,review,noindex,/catalog/haier/quantum-inverter/,2026-08-20,42
/catalog/haier/quantum-on-off/,series,Модели и варианты серии Quantum On-Off,Haier Quantum On-Off,Haier / Quantum On-Off,MASTER_PROMPT section 3; technical sources required,catalog,review,noindex,/catalog/haier/quantum-on-off/,2026-08-20,42
/catalog/haier/leader-a/,series,Модели и варианты серии Leader-A,Haier Leader-A,Haier / Leader-A,MASTER_PROMPT section 3; technical sources required,catalog,review,noindex,/catalog/haier/leader-a/,2026-08-20,42
/catalog/jax/murray-acy-he-r32-new/,series,Модели и варианты серии Murray ACY-HE R32 NEW,JAX Murray ACY-HE R32 NEW,JAX / Murray ACY-HE R32 NEW,MASTER_PROMPT section 3; technical sources required,catalog,review,noindex,/catalog/jax/murray-acy-he-r32-new/,2026-08-20,42
/catalog/jax/hayman-aci-he-neo-r32/,series,Модели и варианты серии Hayman ACI-HE NEO R32,JAX Hayman ACI-HE NEO R32,JAX / Hayman ACI-HE NEO R32,MASTER_PROMPT section 3; technical sources required,catalog,review,noindex,/catalog/jax/hayman-aci-he-neo-r32/,2026-08-20,42
/catalog/jax/brisbane-aciu-he-r32/,series,Модели и варианты серии Brisbane ACIU-HE R32,JAX Brisbane ACIU-HE R32,JAX / Brisbane ACIU-HE R32,MASTER_PROMPT section 3; technical sources required,catalog,review,noindex,/catalog/jax/brisbane-aciu-he-r32/,2026-08-20,42
/catalog/jax/tasmania-acn-he-r32/,series,Модели и варианты серии Tasmania ACN-HE R32,JAX Tasmania ACN-HE R32,JAX / Tasmania ACN-HE R32,MASTER_PROMPT section 3; technical sources required,catalog,review,noindex,/catalog/jax/tasmania-acn-he-r32/,2026-08-20,42
/catalog/jax/melbourne-acm-he/,series,Модели и варианты серии Melbourne ACM-HE,JAX Melbourne ACM-HE,JAX / Melbourne ACM-HE,MASTER_PROMPT section 3; technical sources required,catalog,review,noindex,/catalog/jax/melbourne-acm-he/,2026-08-20,42
/catalog/jax/york-ace-he-neo/,series,Модели и варианты серии York ACE-HE NEO,JAX York ACE-HE NEO,JAX / York ACE-HE NEO,MASTER_PROMPT section 3; technical sources required,catalog,review,noindex,/catalog/jax/york-ace-he-neo/,2026-08-20,42
/catalog/jax/adelaide-aci-he/,series,Модели и варианты серии Adelaide ACI-HE,JAX Adelaide ACI-HE,JAX / Adelaide ACI-HE,MASTER_PROMPT section 3; technical sources required,catalog,review,noindex,/catalog/jax/adelaide-aci-he/,2026-08-20,42
/catalog/jax/darwin-ack-he/,series,Модели и варианты серии Darwin ACK-HE,JAX Darwin ACK-HE,JAX / Darwin ACK-HE,MASTER_PROMPT section 3; technical sources required,catalog,review,noindex,/catalog/jax/darwin-ack-he/,2026-08-20,42
/catalog/rovex/smart-pro-rs-pxi6-pro/,series,Модели и варианты серии Smart PRO RS-PXI6 PRO,Rovex Smart PRO RS-PXI6 PRO,Rovex / Smart PRO RS-PXI6 PRO,MASTER_PROMPT section 3; technical sources required,catalog,review,noindex,/catalog/rovex/smart-pro-rs-pxi6-pro/,2026-08-20,42
/catalog/rovex/smart-rs-pxi6/,series,Модели и варианты серии SMART RS-PXI6,Rovex SMART RS-PXI6,Rovex / SMART RS-PXI6,MASTER_PROMPT section 3; technical sources required,catalog,review,noindex,/catalog/rovex/smart-rs-pxi6/,2026-08-20,42
/catalog/rovex/star-s-abs-he-s/,series,Модели и варианты серии STAR-S ABS-HE-S,Rovex STAR-S ABS-HE-S,Rovex / STAR-S ABS-HE-S,MASTER_PROMPT section 3; technical sources required,catalog,review,noindex,/catalog/rovex/star-s-abs-he-s/,2026-08-20,42
/catalog/rovex/star-n-abs-he-n/,series,Модели и варианты серии STAR-N ABS-HE-N,Rovex STAR-N ABS-HE-N,Rovex / STAR-N ABS-HE-N,MASTER_PROMPT section 3; technical sources required,catalog,review,noindex,/catalog/rovex/star-n-abs-he-n/,2026-08-20,42
/catalog/rovex/rich-rs-muin1/,series,Модели и варианты серии RICH RS-MUIN1,Rovex RICH RS-MUIN1,Rovex / RICH RS-MUIN1,MASTER_PROMPT section 3; technical sources required,catalog,review,noindex,/catalog/rovex/rich-rs-muin1/,2026-08-20,42
/catalog/rovex/megapolis-rs-cbs4/,series,Модели и варианты серии MEGAPOLIS RS-CBS4,Rovex MEGAPOLIS RS-CBS4,Rovex / MEGAPOLIS RS-CBS4,MASTER_PROMPT section 3; technical sources required,catalog,review,noindex,/catalog/rovex/megapolis-rs-cbs4/,2026-08-20,42
/catalog/rovex/city-pro-rs-cst4-pro/,series,Модели и варианты серии CITY PRO RS-CST4-PRO,Rovex CITY PRO RS-CST4-PRO,Rovex / CITY PRO RS-CST4-PRO,MASTER_PROMPT section 3; technical sources required,catalog,review,noindex,/catalog/rovex/city-pro-rs-cst4-pro/,2026-08-20,42
/catalog/rovex/city-rs-cst4/,series,Модели и варианты серии CITY RS-CST4,Rovex CITY RS-CST4,Rovex / CITY RS-CST4,MASTER_PROMPT section 3; technical sources required,catalog,review,noindex,/catalog/rovex/city-rs-cst4/,2026-08-20,42
/catalog/rovex/mira-s-ast-he-s/,series,Модели и варианты серии MIRA-S AST-HE-S,Rovex MIRA-S AST-HE-S,Rovex / MIRA-S AST-HE-S,MASTER_PROMPT section 3; technical sources required,catalog,review,noindex,/catalog/rovex/mira-s-ast-he-s/,2026-08-20,42
/catalog/rovex/mira-n-ast-he-n/,series,Модели и варианты серии MIRA-N AST-HE-N,Rovex MIRA-N AST-HE-N,Rovex / MIRA-N AST-HE-N,MASTER_PROMPT section 3; technical sources required,catalog,review,noindex,/catalog/rovex/mira-n-ast-he-n/,2026-08-20,42
/catalog/rovex/grace-rs-mst1/,series,Модели и варианты серии GRACE RS-MST1,Rovex GRACE RS-MST1,Rovex / GRACE RS-MST1,MASTER_PROMPT section 3; technical sources required,catalog,review,noindex,/catalog/rovex/grace-rs-mst1/,2026-08-20,42
/catalog/rovex/cst-5-unite/,series,Модели и варианты серии CST-5 UNITE,Rovex CST-5 UNITE,Rovex / CST-5 UNITE,MASTER_PROMPT section 3; technical sources required,catalog,review,noindex,/catalog/rovex/cst-5-unite/,2026-08-20,42
/catalog/rovex/cst5-pro/,series,Модели и варианты серии ROVEX CST5 PRO,Rovex ROVEX CST5 PRO,Rovex / ROVEX CST5 PRO,MASTER_PROMPT section 3; technical sources required,catalog,review,noindex,/catalog/rovex/cst5-pro/,2026-08-20,42
/catalog/rovex/rs-cbs5-pro/,series,Модели и варианты серии RS-CBS5 PRO,Rovex RS-CBS5 PRO,Rovex / RS-CBS5 PRO,MASTER_PROMPT section 3; technical sources required,catalog,review,noindex,/catalog/rovex/rs-cbs5-pro/,2026-08-20,42
/catalog/vickers/rook-vch-he/,series,Модели и варианты серии ROOK VCH-HE,Vickers ROOK VCH-HE,Vickers / ROOK VCH-HE,MASTER_PROMPT section 3; technical sources required,catalog,review,noindex,/catalog/vickers/rook-vch-he/,2026-08-20,42
/catalog/vickers/tanya/,series,Модели и варианты серии Tanya,Vickers Tanya,Vickers / Tanya,MASTER_PROMPT section 3; technical sources required,catalog,review,noindex,/catalog/vickers/tanya/,2026-08-20,42
/catalog/vickers/tanya-max/,series,Модели и варианты серии Tanya Max,Vickers Tanya Max,Vickers / Tanya Max,MASTER_PROMPT section 3; technical sources required,catalog,review,noindex,/catalog/vickers/tanya-max/,2026-08-20,42
/catalog/vickers/vera-max-vg-he-max/,series,Модели и варианты серии VERA MAX VG-HE MAX,Vickers VERA MAX VG-HE MAX,Vickers / VERA MAX VG-HE MAX,MASTER_PROMPT section 3; technical sources required,catalog,review,noindex,/catalog/vickers/vera-max-vg-he-max/,2026-08-20,42
/catalog/vickers/vera-vg-he/,series,Модели и варианты серии VERA VG-HE,Vickers VERA VG-HE,Vickers / VERA VG-HE,MASTER_PROMPT section 3; technical sources required,catalog,review,noindex,/catalog/vickers/vera-vg-he/,2026-08-20,42
/catalog/vickers/viking-ve-he/,series,Модели и варианты серии VIKING VE-HE,Vickers VIKING VE-HE,Vickers / VIKING VE-HE,MASTER_PROMPT section 3; technical sources required,catalog,review,noindex,/catalog/vickers/viking-ve-he/,2026-08-20,42
/catalog/chigo/sunrise-inverter-268/cs-25v3g-1k268-belyy/,product,Проверка и подбор варианта cs-25v3g-1k268-belyy,Chigo Sunrise Inverter 268 cs-25v3g-1k268-belyy,Chigo / Sunrise Inverter 268 / cs-25v3g-1k268-belyy,MASTER_PROMPT model map; passport required,catalog,draft,noindex,/catalog/chigo/sunrise-inverter-268/cs-25v3g-1k268-belyy/,2026-08-20,28
/catalog/chigo/sunrise-inverter-268/cs-25v3g-1k268-chernyy/,product,Проверка и подбор варианта cs-25v3g-1k268-chernyy,Chigo Sunrise Inverter 268 cs-25v3g-1k268-chernyy,Chigo / Sunrise Inverter 268 / cs-25v3g-1k268-chernyy,MASTER_PROMPT model map; passport required,catalog,draft,noindex,/catalog/chigo/sunrise-inverter-268/cs-25v3g-1k268-chernyy/,2026-08-20,28
/catalog/chigo/sunrise-inverter-268/cs-35v3g-1k268-belyy/,product,Проверка и подбор варианта cs-35v3g-1k268-belyy,Chigo Sunrise Inverter 268 cs-35v3g-1k268-belyy,Chigo / Sunrise Inverter 268 / cs-35v3g-1k268-belyy,MASTER_PROMPT model map; passport required,catalog,draft,noindex,/catalog/chigo/sunrise-inverter-268/cs-35v3g-1k268-belyy/,2026-08-20,28
/catalog/chigo/sunrise-inverter-268/cs-35v3g-1k268-chernyy/,product,Проверка и подбор варианта cs-35v3g-1k268-chernyy,Chigo Sunrise Inverter 268 cs-35v3g-1k268-chernyy,Chigo / Sunrise Inverter 268 / cs-35v3g-1k268-chernyy,MASTER_PROMPT model map; passport required,catalog,draft,noindex,/catalog/chigo/sunrise-inverter-268/cs-35v3g-1k268-chernyy/,2026-08-20,28
/catalog/chigo/alba-inverter-150/cs-21v3a-b150/,product,Проверка и подбор варианта cs-21v3a-b150,Chigo Alba Inverter 150 cs-21v3a-b150,Chigo / Alba Inverter 150 / cs-21v3a-b150,MASTER_PROMPT model map; passport required,catalog,draft,noindex,/catalog/chigo/alba-inverter-150/cs-21v3a-b150/,2026-08-20,28
/catalog/chigo/alba-inverter-150/cs-25v3a-b150/,product,Проверка и подбор варианта cs-25v3a-b150,Chigo Alba Inverter 150 cs-25v3a-b150,Chigo / Alba Inverter 150 / cs-25v3a-b150,MASTER_PROMPT model map; passport required,catalog,draft,noindex,/catalog/chigo/alba-inverter-150/cs-25v3a-b150/,2026-08-20,28
/catalog/chigo/alba-inverter-150/cs-35v3a-1c150/,product,Проверка и подбор варианта cs-35v3a-1c150,Chigo Alba Inverter 150 cs-35v3a-1c150,Chigo / Alba Inverter 150 / cs-35v3a-1c150,MASTER_PROMPT model map; passport required,catalog,draft,noindex,/catalog/chigo/alba-inverter-150/cs-35v3a-1c150/,2026-08-20,28
/catalog/chigo/alba-inverter-150/cs-51v3a-1b150/,product,Проверка и подбор варианта cs-51v3a-1b150,Chigo Alba Inverter 150 cs-51v3a-1b150,Chigo / Alba Inverter 150 / cs-51v3a-1b150,MASTER_PROMPT model map; passport required,catalog,draft,noindex,/catalog/chigo/alba-inverter-150/cs-51v3a-1b150/,2026-08-20,28
/catalog/chigo/alba-inverter-150/cs-61v3a-1d150/,product,Проверка и подбор варианта cs-61v3a-1d150,Chigo Alba Inverter 150 cs-61v3a-1d150,Chigo / Alba Inverter 150 / cs-61v3a-1d150,MASTER_PROMPT model map; passport required,catalog,draft,noindex,/catalog/chigo/alba-inverter-150/cs-61v3a-1d150/,2026-08-20,28
/catalog/chigo/king-inverter-172/cs-25v3a-1c172-belyy/,product,Проверка и подбор варианта cs-25v3a-1c172-belyy,Chigo King Inverter 172 cs-25v3a-1c172-belyy,Chigo / King Inverter 172 / cs-25v3a-1c172-belyy,MASTER_PROMPT model map; passport required,catalog,draft,noindex,/catalog/chigo/king-inverter-172/cs-25v3a-1c172-belyy/,2026-08-20,28
/catalog/chigo/king-inverter-172/cs-25v3a-1c172-chernyy/,product,Проверка и подбор варианта cs-25v3a-1c172-chernyy,Chigo King Inverter 172 cs-25v3a-1c172-chernyy,Chigo / King Inverter 172 / cs-25v3a-1c172-chernyy,MASTER_PROMPT model map; passport required,catalog,draft,noindex,/catalog/chigo/king-inverter-172/cs-25v3a-1c172-chernyy/,2026-08-20,28
/catalog/chigo/king-inverter-172/cs-35v3a-1c172-belyy/,product,Проверка и подбор варианта cs-35v3a-1c172-belyy,Chigo King Inverter 172 cs-35v3a-1c172-belyy,Chigo / King Inverter 172 / cs-35v3a-1c172-belyy,MASTER_PROMPT model map; passport required,catalog,draft,noindex,/catalog/chigo/king-inverter-172/cs-35v3a-1c172-belyy/,2026-08-20,28
/catalog/chigo/king-inverter-172/cs-35v3a-1c172-chernyy/,product,Проверка и подбор варианта cs-35v3a-1c172-chernyy,Chigo King Inverter 172 cs-35v3a-1c172-chernyy,Chigo / King Inverter 172 / cs-35v3a-1c172-chernyy,MASTER_PROMPT model map; passport required,catalog,draft,noindex,/catalog/chigo/king-inverter-172/cs-35v3a-1c172-chernyy/,2026-08-20,28
/catalog/chigo/king-inverter-172/cs-51v3a-1b172-belyy/,product,Проверка и подбор варианта cs-51v3a-1b172-belyy,Chigo King Inverter 172 cs-51v3a-1b172-belyy,Chigo / King Inverter 172 / cs-51v3a-1b172-belyy,MASTER_PROMPT model map; passport required,catalog,draft,noindex,/catalog/chigo/king-inverter-172/cs-51v3a-1b172-belyy/,2026-08-20,28
/catalog/chigo/king-inverter-172/cs-51v3a-1b172-chernyy/,product,Проверка и подбор варианта cs-51v3a-1b172-chernyy,Chigo King Inverter 172 cs-51v3a-1b172-chernyy,Chigo / King Inverter 172 / cs-51v3a-1b172-chernyy,MASTER_PROMPT model map; passport required,catalog,draft,noindex,/catalog/chigo/king-inverter-172/cs-51v3a-1b172-chernyy/,2026-08-20,28
/catalog/chigo/lotos-on-off-169/cs-21h3a-b169/,product,Проверка и подбор варианта cs-21h3a-b169,Chigo Lotos on-off 169 cs-21h3a-b169,Chigo / Lotos on-off 169 / cs-21h3a-b169,MASTER_PROMPT model map; passport required,catalog,draft,noindex,/catalog/chigo/lotos-on-off-169/cs-21h3a-b169/,2026-08-20,28
/catalog/chigo/lotos-on-off-169/cs-25h3a-b169/,product,Проверка и подбор варианта cs-25h3a-b169,Chigo Lotos on-off 169 cs-25h3a-b169,Chigo / Lotos on-off 169 / cs-25h3a-b169,MASTER_PROMPT model map; passport required,catalog,draft,noindex,/catalog/chigo/lotos-on-off-169/cs-25h3a-b169/,2026-08-20,28
/catalog/chigo/lotos-on-off-169/cs-35h3a-1c169/,product,Проверка и подбор варианта cs-35h3a-1c169,Chigo Lotos on-off 169 cs-35h3a-1c169,Chigo / Lotos on-off 169 / cs-35h3a-1c169,MASTER_PROMPT model map; passport required,catalog,draft,noindex,/catalog/chigo/lotos-on-off-169/cs-35h3a-1c169/,2026-08-20,28
/catalog/chigo/lotos-on-off-169/vetka-51/,product,Проверка и подбор варианта vetka-51,Chigo Lotos on-off 169 vetka-51,Chigo / Lotos on-off 169 / vetka-51,MASTER_PROMPT model map; passport required,catalog,draft,noindex,/catalog/chigo/lotos-on-off-169/vetka-51/,2026-08-20,28
/catalog/chigo/lotos-on-off-169/ct3s-100h3a-1e169/,product,Проверка и подбор варианта ct3s-100h3a-1e169,Chigo Lotos on-off 169 ct3s-100h3a-1e169,Chigo / Lotos on-off 169 / ct3s-100h3a-1e169,MASTER_PROMPT model map; passport required,catalog,draft,noindex,/catalog/chigo/lotos-on-off-169/ct3s-100h3a-1e169/,2026-08-20,28
/catalog/chigo/moon-on-off-181/cs-21h3a-b181/,product,Проверка и подбор варианта cs-21h3a-b181,Chigo Moon on-off 181 cs-21h3a-b181,Chigo / Moon on-off 181 / cs-21h3a-b181,MASTER_PROMPT model map; passport required,catalog,draft,noindex,/catalog/chigo/moon-on-off-181/cs-21h3a-b181/,2026-08-20,28
/catalog/chigo/moon-on-off-181/cs-25h3a-b181/,product,Проверка и подбор варианта cs-25h3a-b181,Chigo Moon on-off 181 cs-25h3a-b181,Chigo / Moon on-off 181 / cs-25h3a-b181,MASTER_PROMPT model map; passport required,catalog,draft,noindex,/catalog/chigo/moon-on-off-181/cs-25h3a-b181/,2026-08-20,28
/catalog/chigo/moon-on-off-181/cs-35h3a-1c181/,product,Проверка и подбор варианта cs-35h3a-1c181,Chigo Moon on-off 181 cs-35h3a-1c181,Chigo / Moon on-off 181 / cs-35h3a-1c181,MASTER_PROMPT model map; passport required,catalog,draft,noindex,/catalog/chigo/moon-on-off-181/cs-35h3a-1c181/,2026-08-20,28
/catalog/chigo/moon-on-off-181/cs-51h3a-1b181/,product,Проверка и подбор варианта cs-51h3a-1b181,Chigo Moon on-off 181 cs-51h3a-1b181,Chigo / Moon on-off 181 / cs-51h3a-1b181,MASTER_PROMPT model map; passport required,catalog,draft,noindex,/catalog/chigo/moon-on-off-181/cs-51h3a-1b181/,2026-08-20,28
/catalog/chigo/moon-on-off-181/cs-61h3a-1d181/,product,Проверка и подбор варианта cs-61h3a-1d181,Chigo Moon on-off 181 cs-61h3a-1d181,Chigo / Moon on-off 181 / cs-61h3a-1d181,MASTER_PROMPT model map; passport required,catalog,draft,noindex,/catalog/chigo/moon-on-off-181/cs-61h3a-1d181/,2026-08-20,28
/catalog/chigo/moon-on-off-181/cs-88h3a-1h181/,product,Проверка и подбор варианта cs-88h3a-1h181,Chigo Moon on-off 181 cs-88h3a-1h181,Chigo / Moon on-off 181 / cs-88h3a-1h181,MASTER_PROMPT model map; passport required,catalog,draft,noindex,/catalog/chigo/moon-on-off-181/cs-88h3a-1h181/,2026-08-20,28
/catalog/chigo/moon-on-off-181/ct3s-100h3a-1e181/,product,Проверка и подбор варианта ct3s-100h3a-1e181,Chigo Moon on-off 181 ct3s-100h3a-1e181,Chigo / Moon on-off 181 / ct3s-100h3a-1e181,MASTER_PROMPT model map; passport required,catalog,draft,noindex,/catalog/chigo/moon-on-off-181/ct3s-100h3a-1e181/,2026-08-20,28
/catalog/haier/jade-super-match/as25-gold/,product,Проверка и подбор варианта as25-gold,Haier Jade Super Match as25-gold,Haier / Jade Super Match / as25-gold,MASTER_PROMPT model map; passport required,catalog,draft,noindex,/catalog/haier/jade-super-match/as25-gold/,2026-08-20,28
/catalog/haier/jade-super-match/as25-silver/,product,Проверка и подбор варианта as25-silver,Haier Jade Super Match as25-silver,Haier / Jade Super Match / as25-silver,MASTER_PROMPT model map; passport required,catalog,draft,noindex,/catalog/haier/jade-super-match/as25-silver/,2026-08-20,28
/catalog/haier/jade-super-match/as25-white/,product,Проверка и подбор варианта as25-white,Haier Jade Super Match as25-white,Haier / Jade Super Match / as25-white,MASTER_PROMPT model map; passport required,catalog,draft,noindex,/catalog/haier/jade-super-match/as25-white/,2026-08-20,28
/catalog/haier/jade-super-match/as35-gold/,product,Проверка и подбор варианта as35-gold,Haier Jade Super Match as35-gold,Haier / Jade Super Match / as35-gold,MASTER_PROMPT model map; passport required,catalog,draft,noindex,/catalog/haier/jade-super-match/as35-gold/,2026-08-20,28
/catalog/haier/jade-super-match/as35-silver/,product,Проверка и подбор варианта as35-silver,Haier Jade Super Match as35-silver,Haier / Jade Super Match / as35-silver,MASTER_PROMPT model map; passport required,catalog,draft,noindex,/catalog/haier/jade-super-match/as35-silver/,2026-08-20,28
/catalog/haier/jade-super-match/as35-white/,product,Проверка и подбор варианта as35-white,Haier Jade Super Match as35-white,Haier / Jade Super Match / as35-white,MASTER_PROMPT model map; passport required,catalog,draft,noindex,/catalog/haier/jade-super-match/as35-white/,2026-08-20,28
/catalog/haier/jade-super-match/as50-gold/,product,Проверка и подбор варианта as50-gold,Haier Jade Super Match as50-gold,Haier / Jade Super Match / as50-gold,MASTER_PROMPT model map; passport required,catalog,draft,noindex,/catalog/haier/jade-super-match/as50-gold/,2026-08-20,28
/catalog/haier/jade-super-match/as50-silver/,product,Проверка и подбор варианта as50-silver,Haier Jade Super Match as50-silver,Haier / Jade Super Match / as50-silver,MASTER_PROMPT model map; passport required,catalog,draft,noindex,/catalog/haier/jade-super-match/as50-silver/,2026-08-20,28
/catalog/haier/jade-super-match/as50-white/,product,Проверка и подбор варианта as50-white,Haier Jade Super Match as50-white,Haier / Jade Super Match / as50-white,MASTER_PROMPT model map; passport required,catalog,draft,noindex,/catalog/haier/jade-super-match/as50-white/,2026-08-20,28
/catalog/haier/flexis-super-match/as25-black/,product,Проверка и подбор варианта as25-black,Haier Flexis Super Match as25-black,Haier / Flexis Super Match / as25-black,MASTER_PROMPT model map; passport required,catalog,draft,noindex,/catalog/haier/flexis-super-match/as25-black/,2026-08-20,28
/catalog/haier/flexis-super-match/as25-gold/,product,Проверка и подбор варианта as25-gold,Haier Flexis Super Match as25-gold,Haier / Flexis Super Match / as25-gold,MASTER_PROMPT model map; passport required,catalog,draft,noindex,/catalog/haier/flexis-super-match/as25-gold/,2026-08-20,28
/catalog/haier/flexis-super-match/as25-white/,product,Проверка и подбор варианта as25-white,Haier Flexis Super Match as25-white,Haier / Flexis Super Match / as25-white,MASTER_PROMPT model map; passport required,catalog,draft,noindex,/catalog/haier/flexis-super-match/as25-white/,2026-08-20,28
/catalog/haier/flexis-super-match/as35-black/,product,Проверка и подбор варианта as35-black,Haier Flexis Super Match as35-black,Haier / Flexis Super Match / as35-black,MASTER_PROMPT model map; passport required,catalog,draft,noindex,/catalog/haier/flexis-super-match/as35-black/,2026-08-20,28
/catalog/haier/flexis-super-match/as35-gold/,product,Проверка и подбор варианта as35-gold,Haier Flexis Super Match as35-gold,Haier / Flexis Super Match / as35-gold,MASTER_PROMPT model map; passport required,catalog,draft,noindex,/catalog/haier/flexis-super-match/as35-gold/,2026-08-20,28
/catalog/haier/flexis-super-match/as35-white/,product,Проверка и подбор варианта as35-white,Haier Flexis Super Match as35-white,Haier / Flexis Super Match / as35-white,MASTER_PROMPT model map; passport required,catalog,draft,noindex,/catalog/haier/flexis-super-match/as35-white/,2026-08-20,28
/catalog/haier/flexis-super-match/as50-black/,product,Проверка и подбор варианта as50-black,Haier Flexis Super Match as50-black,Haier / Flexis Super Match / as50-black,MASTER_PROMPT model map; passport required,catalog,draft,noindex,/catalog/haier/flexis-super-match/as50-black/,2026-08-20,28
/catalog/haier/flexis-super-match/as50-gold/,product,Проверка и подбор варианта as50-gold,Haier Flexis Super Match as50-gold,Haier / Flexis Super Match / as50-gold,MASTER_PROMPT model map; passport required,catalog,draft,noindex,/catalog/haier/flexis-super-match/as50-gold/,2026-08-20,28
/catalog/haier/flexis-super-match/as50-white/,product,Проверка и подбор варианта as50-white,Haier Flexis Super Match as50-white,Haier / Flexis Super Match / as50-white,MASTER_PROMPT model map; passport required,catalog,draft,noindex,/catalog/haier/flexis-super-match/as50-white/,2026-08-20,28
/catalog/haier/flexis-super-match/as70-black/,product,Проверка и подбор варианта as70-black,Haier Flexis Super Match as70-black,Haier / Flexis Super Match / as70-black,MASTER_PROMPT model map; passport required,catalog,draft,noindex,/catalog/haier/flexis-super-match/as70-black/,2026-08-20,28
/catalog/haier/flexis-super-match/as70-gold/,product,Проверка и подбор варианта as70-gold,Haier Flexis Super Match as70-gold,Haier / Flexis Super Match / as70-gold,MASTER_PROMPT model map; passport required,catalog,draft,noindex,/catalog/haier/flexis-super-match/as70-gold/,2026-08-20,28
/catalog/haier/flexis-super-match/as70-white/,product,Проверка и подбор варианта as70-white,Haier Flexis Super Match as70-white,Haier / Flexis Super Match / as70-white,MASTER_PROMPT model map; passport required,catalog,draft,noindex,/catalog/haier/flexis-super-match/as70-white/,2026-08-20,28
/catalog/haier/stellar-hp-minus-20/as20-cappuccino/,product,Проверка и подбор варианта as20-cappuccino,Haier Stellar HP −20 °C as20-cappuccino,Haier / Stellar HP −20 °C / as20-cappuccino,MASTER_PROMPT model map; passport required,catalog,draft,noindex,/catalog/haier/stellar-hp-minus-20/as20-cappuccino/,2026-08-20,28
/catalog/haier/stellar-hp-minus-20/as20-silver/,product,Проверка и подбор варианта as20-silver,Haier Stellar HP −20 °C as20-silver,Haier / Stellar HP −20 °C / as20-silver,MASTER_PROMPT model map; passport required,catalog,draft,noindex,/catalog/haier/stellar-hp-minus-20/as20-silver/,2026-08-20,28
/catalog/haier/stellar-hp-minus-20/as20-white/,product,Проверка и подбор варианта as20-white,Haier Stellar HP −20 °C as20-white,Haier / Stellar HP −20 °C / as20-white,MASTER_PROMPT model map; passport required,catalog,draft,noindex,/catalog/haier/stellar-hp-minus-20/as20-white/,2026-08-20,28
/catalog/haier/stellar-hp-minus-20/as25-cappuccino/,product,Проверка и подбор варианта as25-cappuccino,Haier Stellar HP −20 °C as25-cappuccino,Haier / Stellar HP −20 °C / as25-cappuccino,MASTER_PROMPT model map; passport required,catalog,draft,noindex,/catalog/haier/stellar-hp-minus-20/as25-cappuccino/,2026-08-20,28
/catalog/haier/stellar-hp-minus-20/as25-silver/,product,Проверка и подбор варианта as25-silver,Haier Stellar HP −20 °C as25-silver,Haier / Stellar HP −20 °C / as25-silver,MASTER_PROMPT model map; passport required,catalog,draft,noindex,/catalog/haier/stellar-hp-minus-20/as25-silver/,2026-08-20,28
/catalog/haier/stellar-hp-minus-20/as25-white/,product,Проверка и подбор варианта as25-white,Haier Stellar HP −20 °C as25-white,Haier / Stellar HP −20 °C / as25-white,MASTER_PROMPT model map; passport required,catalog,draft,noindex,/catalog/haier/stellar-hp-minus-20/as25-white/,2026-08-20,28
/catalog/haier/stellar-hp-minus-20/as35-cappuccino/,product,Проверка и подбор варианта as35-cappuccino,Haier Stellar HP −20 °C as35-cappuccino,Haier / Stellar HP −20 °C / as35-cappuccino,MASTER_PROMPT model map; passport required,catalog,draft,noindex,/catalog/haier/stellar-hp-minus-20/as35-cappuccino/,2026-08-20,28
/catalog/haier/stellar-hp-minus-20/as35-silver/,product,Проверка и подбор варианта as35-silver,Haier Stellar HP −20 °C as35-silver,Haier / Stellar HP −20 °C / as35-silver,MASTER_PROMPT model map; passport required,catalog,draft,noindex,/catalog/haier/stellar-hp-minus-20/as35-silver/,2026-08-20,28
/catalog/haier/stellar-hp-minus-20/as35-white/,product,Проверка и подбор варианта as35-white,Haier Stellar HP −20 °C as35-white,Haier / Stellar HP −20 °C / as35-white,MASTER_PROMPT model map; passport required,catalog,draft,noindex,/catalog/haier/stellar-hp-minus-20/as35-white/,2026-08-20,28
/catalog/haier/stellar-hp-minus-20/as50-cappuccino/,product,Проверка и подбор варианта as50-cappuccino,Haier Stellar HP −20 °C as50-cappuccino,Haier / Stellar HP −20 °C / as50-cappuccino,MASTER_PROMPT model map; passport required,catalog,draft,noindex,/catalog/haier/stellar-hp-minus-20/as50-cappuccino/,2026-08-20,28
/catalog/haier/stellar-hp-minus-20/as50-silver/,product,Проверка и подбор варианта as50-silver,Haier Stellar HP −20 °C as50-silver,Haier / Stellar HP −20 °C / as50-silver,MASTER_PROMPT model map; passport required,catalog,draft,noindex,/catalog/haier/stellar-hp-minus-20/as50-silver/,2026-08-20,28
/catalog/haier/stellar-hp-minus-20/as50-white/,product,Проверка и подбор варианта as50-white,Haier Stellar HP −20 °C as50-white,Haier / Stellar HP −20 °C / as50-white,MASTER_PROMPT model map; passport required,catalog,draft,noindex,/catalog/haier/stellar-hp-minus-20/as50-white/,2026-08-20,28
/catalog/haier/stellar-hp-minus-20/as70-cappuccino/,product,Проверка и подбор варианта as70-cappuccino,Haier Stellar HP −20 °C as70-cappuccino,Haier / Stellar HP −20 °C / as70-cappuccino,MASTER_PROMPT model map; passport required,catalog,draft,noindex,/catalog/haier/stellar-hp-minus-20/as70-cappuccino/,2026-08-20,28
/catalog/haier/stellar-hp-minus-20/as70-silver/,product,Проверка и подбор варианта as70-silver,Haier Stellar HP −20 °C as70-silver,Haier / Stellar HP −20 °C / as70-silver,MASTER_PROMPT model map; passport required,catalog,draft,noindex,/catalog/haier/stellar-hp-minus-20/as70-silver/,2026-08-20,28
/catalog/haier/stellar-hp-minus-20/as70-white/,product,Проверка и подбор варианта as70-white,Haier Stellar HP −20 °C as70-white,Haier / Stellar HP −20 °C / as70-white,MASTER_PROMPT model map; passport required,catalog,draft,noindex,/catalog/haier/stellar-hp-minus-20/as70-white/,2026-08-20,28
/catalog/haier/flexis-on-off/hsu-07-black/,product,Проверка и подбор варианта hsu-07-black,Haier Flexis On-Off hsu-07-black,Haier / Flexis On-Off / hsu-07-black,MASTER_PROMPT model map; passport required,catalog,draft,noindex,/catalog/haier/flexis-on-off/hsu-07-black/,2026-08-20,28
/catalog/haier/flexis-on-off/hsu-07-gold/,product,Проверка и подбор варианта hsu-07-gold,Haier Flexis On-Off hsu-07-gold,Haier / Flexis On-Off / hsu-07-gold,MASTER_PROMPT model map; passport required,catalog,draft,noindex,/catalog/haier/flexis-on-off/hsu-07-gold/,2026-08-20,28
/catalog/haier/flexis-on-off/hsu-07-white/,product,Проверка и подбор варианта hsu-07-white,Haier Flexis On-Off hsu-07-white,Haier / Flexis On-Off / hsu-07-white,MASTER_PROMPT model map; passport required,catalog,draft,noindex,/catalog/haier/flexis-on-off/hsu-07-white/,2026-08-20,28
/catalog/haier/flexis-on-off/hsu-09-black/,product,Проверка и подбор варианта hsu-09-black,Haier Flexis On-Off hsu-09-black,Haier / Flexis On-Off / hsu-09-black,MASTER_PROMPT model map; passport required,catalog,draft,noindex,/catalog/haier/flexis-on-off/hsu-09-black/,2026-08-20,28
/catalog/haier/flexis-on-off/hsu-09-gold/,product,Проверка и подбор варианта hsu-09-gold,Haier Flexis On-Off hsu-09-gold,Haier / Flexis On-Off / hsu-09-gold,MASTER_PROMPT model map; passport required,catalog,draft,noindex,/catalog/haier/flexis-on-off/hsu-09-gold/,2026-08-20,28
/catalog/haier/flexis-on-off/hsu-09-white/,product,Проверка и подбор варианта hsu-09-white,Haier Flexis On-Off hsu-09-white,Haier / Flexis On-Off / hsu-09-white,MASTER_PROMPT model map; passport required,catalog,draft,noindex,/catalog/haier/flexis-on-off/hsu-09-white/,2026-08-20,28
/catalog/haier/flexis-on-off/hsu-12-black/,product,Проверка и подбор варианта hsu-12-black,Haier Flexis On-Off hsu-12-black,Haier / Flexis On-Off / hsu-12-black,MASTER_PROMPT model map; passport required,catalog,draft,noindex,/catalog/haier/flexis-on-off/hsu-12-black/,2026-08-20,28
/catalog/haier/flexis-on-off/hsu-12-gold/,product,Проверка и подбор варианта hsu-12-gold,Haier Flexis On-Off hsu-12-gold,Haier / Flexis On-Off / hsu-12-gold,MASTER_PROMPT model map; passport required,catalog,draft,noindex,/catalog/haier/flexis-on-off/hsu-12-gold/,2026-08-20,28
/catalog/haier/flexis-on-off/hsu-12-white/,product,Проверка и подбор варианта hsu-12-white,Haier Flexis On-Off hsu-12-white,Haier / Flexis On-Off / hsu-12-white,MASTER_PROMPT model map; passport required,catalog,draft,noindex,/catalog/haier/flexis-on-off/hsu-12-white/,2026-08-20,28
/catalog/haier/flexis-on-off/hsu-18-black/,product,Проверка и подбор варианта hsu-18-black,Haier Flexis On-Off hsu-18-black,Haier / Flexis On-Off / hsu-18-black,MASTER_PROMPT model map; passport required,catalog,draft,noindex,/catalog/haier/flexis-on-off/hsu-18-black/,2026-08-20,28
/catalog/haier/flexis-on-off/hsu-18-gold/,product,Проверка и подбор варианта hsu-18-gold,Haier Flexis On-Off hsu-18-gold,Haier / Flexis On-Off / hsu-18-gold,MASTER_PROMPT model map; passport required,catalog,draft,noindex,/catalog/haier/flexis-on-off/hsu-18-gold/,2026-08-20,28
/catalog/haier/flexis-on-off/hsu-18-white/,product,Проверка и подбор варианта hsu-18-white,Haier Flexis On-Off hsu-18-white,Haier / Flexis On-Off / hsu-18-white,MASTER_PROMPT model map; passport required,catalog,draft,noindex,/catalog/haier/flexis-on-off/hsu-18-white/,2026-08-20,28
/catalog/haier/flexis-on-off/hsu-24-black/,product,Проверка и подбор варианта hsu-24-black,Haier Flexis On-Off hsu-24-black,Haier / Flexis On-Off / hsu-24-black,MASTER_PROMPT model map; passport required,catalog,draft,noindex,/catalog/haier/flexis-on-off/hsu-24-black/,2026-08-20,28
/catalog/haier/flexis-on-off/hsu-24-gold/,product,Проверка и подбор варианта hsu-24-gold,Haier Flexis On-Off hsu-24-gold,Haier / Flexis On-Off / hsu-24-gold,MASTER_PROMPT model map; passport required,catalog,draft,noindex,/catalog/haier/flexis-on-off/hsu-24-gold/,2026-08-20,28
/catalog/haier/flexis-on-off/hsu-24-white/,product,Проверка и подбор варианта hsu-24-white,Haier Flexis On-Off hsu-24-white,Haier / Flexis On-Off / hsu-24-white,MASTER_PROMPT model map; passport required,catalog,draft,noindex,/catalog/haier/flexis-on-off/hsu-24-white/,2026-08-20,28
/catalog/haier/coral-dc-inverter/as20hpl2hra/,product,Проверка и подбор варианта as20hpl2hra,Haier Coral DC-Inverter as20hpl2hra,Haier / Coral DC-Inverter / as20hpl2hra,MASTER_PROMPT model map; passport required,catalog,draft,noindex,/catalog/haier/coral-dc-inverter/as20hpl2hra/,2026-08-20,28
/catalog/haier/coral-dc-inverter/as25hpl2hra/,product,Проверка и подбор варианта as25hpl2hra,Haier Coral DC-Inverter as25hpl2hra,Haier / Coral DC-Inverter / as25hpl2hra,MASTER_PROMPT model map; passport required,catalog,draft,noindex,/catalog/haier/coral-dc-inverter/as25hpl2hra/,2026-08-20,28
/catalog/haier/coral-dc-inverter/as35hpl2hra/,product,Проверка и подбор варианта as35hpl2hra,Haier Coral DC-Inverter as35hpl2hra,Haier / Coral DC-Inverter / as35hpl2hra,MASTER_PROMPT model map; passport required,catalog,draft,noindex,/catalog/haier/coral-dc-inverter/as35hpl2hra/,2026-08-20,28
/catalog/haier/coral-dc-inverter/as50hpl2hra/,product,Проверка и подбор варианта as50hpl2hra,Haier Coral DC-Inverter as50hpl2hra,Haier / Coral DC-Inverter / as50hpl2hra,MASTER_PROMPT model map; passport required,catalog,draft,noindex,/catalog/haier/coral-dc-inverter/as50hpl2hra/,2026-08-20,28
/catalog/haier/coral-dc-inverter/as70hpl2hra/,product,Проверка и подбор варианта as70hpl2hra,Haier Coral DC-Inverter as70hpl2hra,Haier / Coral DC-Inverter / as70hpl2hra,MASTER_PROMPT model map; passport required,catalog,draft,noindex,/catalog/haier/coral-dc-inverter/as70hpl2hra/,2026-08-20,28
/catalog/haier/coral-dc-inverter/as100hpl2hra/,product,Проверка и подбор варианта as100hpl2hra,Haier Coral DC-Inverter as100hpl2hra,Haier / Coral DC-Inverter / as100hpl2hra,MASTER_PROMPT model map; passport required,catalog,draft,noindex,/catalog/haier/coral-dc-inverter/as100hpl2hra/,2026-08-20,28
/catalog/haier/coral-on-off/hsu-07-hpl303-r3/,product,Проверка и подбор варианта hsu-07-hpl303-r3,Haier Coral On-Off hsu-07-hpl303-r3,Haier / Coral On-Off / hsu-07-hpl303-r3,MASTER_PROMPT model map; passport required,catalog,draft,noindex,/catalog/haier/coral-on-off/hsu-07-hpl303-r3/,2026-08-20,28
/catalog/haier/coral-on-off/hsu-09-hpl303-r3/,product,Проверка и подбор варианта hsu-09-hpl303-r3,Haier Coral On-Off hsu-09-hpl303-r3,Haier / Coral On-Off / hsu-09-hpl303-r3,MASTER_PROMPT model map; passport required,catalog,draft,noindex,/catalog/haier/coral-on-off/hsu-09-hpl303-r3/,2026-08-20,28
/catalog/haier/coral-on-off/hsu-12-hpl303-r3/,product,Проверка и подбор варианта hsu-12-hpl303-r3,Haier Coral On-Off hsu-12-hpl303-r3,Haier / Coral On-Off / hsu-12-hpl303-r3,MASTER_PROMPT model map; passport required,catalog,draft,noindex,/catalog/haier/coral-on-off/hsu-12-hpl303-r3/,2026-08-20,28
/catalog/haier/coral-on-off/hsu-18-hpl303-r3/,product,Проверка и подбор варианта hsu-18-hpl303-r3,Haier Coral On-Off hsu-18-hpl303-r3,Haier / Coral On-Off / hsu-18-hpl303-r3,MASTER_PROMPT model map; passport required,catalog,draft,noindex,/catalog/haier/coral-on-off/hsu-18-hpl303-r3/,2026-08-20,28
/catalog/haier/coral-on-off/hsu-24-hpl303-r3/,product,Проверка и подбор варианта hsu-24-hpl303-r3,Haier Coral On-Off hsu-24-hpl303-r3,Haier / Coral On-Off / hsu-24-hpl303-r3,MASTER_PROMPT model map; passport required,catalog,draft,noindex,/catalog/haier/coral-on-off/hsu-24-hpl303-r3/,2026-08-20,28
/catalog/haier/coral-on-off/hsu-33-hpl303-r3/,product,Проверка и подбор варианта hsu-33-hpl303-r3,Haier Coral On-Off hsu-33-hpl303-r3,Haier / Coral On-Off / hsu-33-hpl303-r3,MASTER_PROMPT model map; passport required,catalog,draft,noindex,/catalog/haier/coral-on-off/hsu-33-hpl303-r3/,2026-08-20,28
/catalog/haier/tundra-dc-inverter/as07-tt5hra/,product,Проверка и подбор варианта as07-tt5hra,Haier Tundra DC-Inverter as07-tt5hra,Haier / Tundra DC-Inverter / as07-tt5hra,MASTER_PROMPT model map; passport required,catalog,draft,noindex,/catalog/haier/tundra-dc-inverter/as07-tt5hra/,2026-08-20,28
/catalog/haier/tundra-dc-inverter/as09-tt5hra/,product,Проверка и подбор варианта as09-tt5hra,Haier Tundra DC-Inverter as09-tt5hra,Haier / Tundra DC-Inverter / as09-tt5hra,MASTER_PROMPT model map; passport required,catalog,draft,noindex,/catalog/haier/tundra-dc-inverter/as09-tt5hra/,2026-08-20,28
/catalog/haier/tundra-dc-inverter/as12-tt5hra/,product,Проверка и подбор варианта as12-tt5hra,Haier Tundra DC-Inverter as12-tt5hra,Haier / Tundra DC-Inverter / as12-tt5hra,MASTER_PROMPT model map; passport required,catalog,draft,noindex,/catalog/haier/tundra-dc-inverter/as12-tt5hra/,2026-08-20,28
/catalog/haier/tundra-dc-inverter/as18-tt5hra/,product,Проверка и подбор варианта as18-tt5hra,Haier Tundra DC-Inverter as18-tt5hra,Haier / Tundra DC-Inverter / as18-tt5hra,MASTER_PROMPT model map; passport required,catalog,draft,noindex,/catalog/haier/tundra-dc-inverter/as18-tt5hra/,2026-08-20,28
/catalog/haier/tundra-dc-inverter/as24-tt5hra/,product,Проверка и подбор варианта as24-tt5hra,Haier Tundra DC-Inverter as24-tt5hra,Haier / Tundra DC-Inverter / as24-tt5hra,MASTER_PROMPT model map; passport required,catalog,draft,noindex,/catalog/haier/tundra-dc-inverter/as24-tt5hra/,2026-08-20,28
/catalog/haier/tundra-on-off/hsu-07-htt-r3/,product,Проверка и подбор варианта hsu-07-htt-r3,Haier Tundra On-Off hsu-07-htt-r3,Haier / Tundra On-Off / hsu-07-htt-r3,MASTER_PROMPT model map; passport required,catalog,draft,noindex,/catalog/haier/tundra-on-off/hsu-07-htt-r3/,2026-08-20,28
/catalog/haier/tundra-on-off/hsu-09-htt-r3/,product,Проверка и подбор варианта hsu-09-htt-r3,Haier Tundra On-Off hsu-09-htt-r3,Haier / Tundra On-Off / hsu-09-htt-r3,MASTER_PROMPT model map; passport required,catalog,draft,noindex,/catalog/haier/tundra-on-off/hsu-09-htt-r3/,2026-08-20,28
/catalog/haier/tundra-on-off/hsu-12-htt-r3/,product,Проверка и подбор варианта hsu-12-htt-r3,Haier Tundra On-Off hsu-12-htt-r3,Haier / Tundra On-Off / hsu-12-htt-r3,MASTER_PROMPT model map; passport required,catalog,draft,noindex,/catalog/haier/tundra-on-off/hsu-12-htt-r3/,2026-08-20,28
/catalog/haier/tundra-on-off/hsu-18-htt-r3/,product,Проверка и подбор варианта hsu-18-htt-r3,Haier Tundra On-Off hsu-18-htt-r3,Haier / Tundra On-Off / hsu-18-htt-r3,MASTER_PROMPT model map; passport required,catalog,draft,noindex,/catalog/haier/tundra-on-off/hsu-18-htt-r3/,2026-08-20,28
/catalog/haier/tundra-on-off/hsu-24-htt-r3/,product,Проверка и подбор варианта hsu-24-htt-r3,Haier Tundra On-Off hsu-24-htt-r3,Haier / Tundra On-Off / hsu-24-htt-r3,MASTER_PROMPT model map; passport required,catalog,draft,noindex,/catalog/haier/tundra-on-off/hsu-24-htt-r3/,2026-08-20,28
/catalog/haier/quantum-inverter/as20-hqj1hra-black/,product,Проверка и подбор варианта as20-hqj1hra-black,Haier Quantum Inverter as20-hqj1hra-black,Haier / Quantum Inverter / as20-hqj1hra-black,MASTER_PROMPT model map; passport required,catalog,draft,noindex,/catalog/haier/quantum-inverter/as20-hqj1hra-black/,2026-08-20,28
/catalog/haier/quantum-inverter/as20-hqj1hra-white/,product,Проверка и подбор варианта as20-hqj1hra-white,Haier Quantum Inverter as20-hqj1hra-white,Haier / Quantum Inverter / as20-hqj1hra-white,MASTER_PROMPT model map; passport required,catalog,draft,noindex,/catalog/haier/quantum-inverter/as20-hqj1hra-white/,2026-08-20,28
/catalog/haier/quantum-inverter/as25-hqj1hra-black/,product,Проверка и подбор варианта as25-hqj1hra-black,Haier Quantum Inverter as25-hqj1hra-black,Haier / Quantum Inverter / as25-hqj1hra-black,MASTER_PROMPT model map; passport required,catalog,draft,noindex,/catalog/haier/quantum-inverter/as25-hqj1hra-black/,2026-08-20,28
/catalog/haier/quantum-inverter/as25-hqj1hra-white/,product,Проверка и подбор варианта as25-hqj1hra-white,Haier Quantum Inverter as25-hqj1hra-white,Haier / Quantum Inverter / as25-hqj1hra-white,MASTER_PROMPT model map; passport required,catalog,draft,noindex,/catalog/haier/quantum-inverter/as25-hqj1hra-white/,2026-08-20,28
/catalog/haier/quantum-inverter/as35-hqj1hra-black/,product,Проверка и подбор варианта as35-hqj1hra-black,Haier Quantum Inverter as35-hqj1hra-black,Haier / Quantum Inverter / as35-hqj1hra-black,MASTER_PROMPT model map; passport required,catalog,draft,noindex,/catalog/haier/quantum-inverter/as35-hqj1hra-black/,2026-08-20,28
/catalog/haier/quantum-inverter/as35-hqj1hra-white/,product,Проверка и подбор варианта as35-hqj1hra-white,Haier Quantum Inverter as35-hqj1hra-white,Haier / Quantum Inverter / as35-hqj1hra-white,MASTER_PROMPT model map; passport required,catalog,draft,noindex,/catalog/haier/quantum-inverter/as35-hqj1hra-white/,2026-08-20,28
/catalog/haier/quantum-inverter/as50-hqj1hra-black/,product,Проверка и подбор варианта as50-hqj1hra-black,Haier Quantum Inverter as50-hqj1hra-black,Haier / Quantum Inverter / as50-hqj1hra-black,MASTER_PROMPT model map; passport required,catalog,draft,noindex,/catalog/haier/quantum-inverter/as50-hqj1hra-black/,2026-08-20,28
/catalog/haier/quantum-inverter/as50-hqj1hra-white/,product,Проверка и подбор варианта as50-hqj1hra-white,Haier Quantum Inverter as50-hqj1hra-white,Haier / Quantum Inverter / as50-hqj1hra-white,MASTER_PROMPT model map; passport required,catalog,draft,noindex,/catalog/haier/quantum-inverter/as50-hqj1hra-white/,2026-08-20,28
/catalog/haier/quantum-inverter/as70-hqj1hra-black/,product,Проверка и подбор варианта as70-hqj1hra-black,Haier Quantum Inverter as70-hqj1hra-black,Haier / Quantum Inverter / as70-hqj1hra-black,MASTER_PROMPT model map; passport required,catalog,draft,noindex,/catalog/haier/quantum-inverter/as70-hqj1hra-black/,2026-08-20,28
/catalog/haier/quantum-inverter/as70-hqj1hra-white/,product,Проверка и подбор варианта as70-hqj1hra-white,Haier Quantum Inverter as70-hqj1hra-white,Haier / Quantum Inverter / as70-hqj1hra-white,MASTER_PROMPT model map; passport required,catalog,draft,noindex,/catalog/haier/quantum-inverter/as70-hqj1hra-white/,2026-08-20,28
/catalog/haier/quantum-on-off/hsu-07-hqj103-r3-black/,product,Проверка и подбор варианта hsu-07-hqj103-r3-black,Haier Quantum On-Off hsu-07-hqj103-r3-black,Haier / Quantum On-Off / hsu-07-hqj103-r3-black,MASTER_PROMPT model map; passport required,catalog,draft,noindex,/catalog/haier/quantum-on-off/hsu-07-hqj103-r3-black/,2026-08-20,28
/catalog/haier/quantum-on-off/hsu-07-hqj103-r3-white/,product,Проверка и подбор варианта hsu-07-hqj103-r3-white,Haier Quantum On-Off hsu-07-hqj103-r3-white,Haier / Quantum On-Off / hsu-07-hqj103-r3-white,MASTER_PROMPT model map; passport required,catalog,draft,noindex,/catalog/haier/quantum-on-off/hsu-07-hqj103-r3-white/,2026-08-20,28
/catalog/haier/quantum-on-off/hsu-09-hqj103-r3-black/,product,Проверка и подбор варианта hsu-09-hqj103-r3-black,Haier Quantum On-Off hsu-09-hqj103-r3-black,Haier / Quantum On-Off / hsu-09-hqj103-r3-black,MASTER_PROMPT model map; passport required,catalog,draft,noindex,/catalog/haier/quantum-on-off/hsu-09-hqj103-r3-black/,2026-08-20,28
/catalog/haier/quantum-on-off/hsu-09-hqj103-r3-white/,product,Проверка и подбор варианта hsu-09-hqj103-r3-white,Haier Quantum On-Off hsu-09-hqj103-r3-white,Haier / Quantum On-Off / hsu-09-hqj103-r3-white,MASTER_PROMPT model map; passport required,catalog,draft,noindex,/catalog/haier/quantum-on-off/hsu-09-hqj103-r3-white/,2026-08-20,28
/catalog/haier/quantum-on-off/hsu-12-hqj103-r3-black/,product,Проверка и подбор варианта hsu-12-hqj103-r3-black,Haier Quantum On-Off hsu-12-hqj103-r3-black,Haier / Quantum On-Off / hsu-12-hqj103-r3-black,MASTER_PROMPT model map; passport required,catalog,draft,noindex,/catalog/haier/quantum-on-off/hsu-12-hqj103-r3-black/,2026-08-20,28
/catalog/haier/quantum-on-off/hsu-12-hqj103-r3-white/,product,Проверка и подбор варианта hsu-12-hqj103-r3-white,Haier Quantum On-Off hsu-12-hqj103-r3-white,Haier / Quantum On-Off / hsu-12-hqj103-r3-white,MASTER_PROMPT model map; passport required,catalog,draft,noindex,/catalog/haier/quantum-on-off/hsu-12-hqj103-r3-white/,2026-08-20,28
/catalog/haier/quantum-on-off/hsu-18-hqj103-r3-black/,product,Проверка и подбор варианта hsu-18-hqj103-r3-black,Haier Quantum On-Off hsu-18-hqj103-r3-black,Haier / Quantum On-Off / hsu-18-hqj103-r3-black,MASTER_PROMPT model map; passport required,catalog,draft,noindex,/catalog/haier/quantum-on-off/hsu-18-hqj103-r3-black/,2026-08-20,28
/catalog/haier/quantum-on-off/hsu-18-hqj103-r3-white/,product,Проверка и подбор варианта hsu-18-hqj103-r3-white,Haier Quantum On-Off hsu-18-hqj103-r3-white,Haier / Quantum On-Off / hsu-18-hqj103-r3-white,MASTER_PROMPT model map; passport required,catalog,draft,noindex,/catalog/haier/quantum-on-off/hsu-18-hqj103-r3-white/,2026-08-20,28
/catalog/haier/quantum-on-off/hsu-24-hqj103-r3-black/,product,Проверка и подбор варианта hsu-24-hqj103-r3-black,Haier Quantum On-Off hsu-24-hqj103-r3-black,Haier / Quantum On-Off / hsu-24-hqj103-r3-black,MASTER_PROMPT model map; passport required,catalog,draft,noindex,/catalog/haier/quantum-on-off/hsu-24-hqj103-r3-black/,2026-08-20,28
/catalog/haier/quantum-on-off/hsu-24-hqj103-r3-white/,product,Проверка и подбор варианта hsu-24-hqj103-r3-white,Haier Quantum On-Off hsu-24-hqj103-r3-white,Haier / Quantum On-Off / hsu-24-hqj103-r3-white,MASTER_PROMPT model map; passport required,catalog,draft,noindex,/catalog/haier/quantum-on-off/hsu-24-hqj103-r3-white/,2026-08-20,28
/catalog/haier/leader-a/as12tl5hra-a/,product,Проверка и подбор варианта as12tl5hra-a,Haier Leader-A as12tl5hra-a,Haier / Leader-A / as12tl5hra-a,MASTER_PROMPT model map; passport required,catalog,draft,noindex,/catalog/haier/leader-a/as12tl5hra-a/,2026-08-20,28
/catalog/haier/leader-a/as18tl5hra-a/,product,Проверка и подбор варианта as18tl5hra-a,Haier Leader-A as18tl5hra-a,Haier / Leader-A / as18tl5hra-a,MASTER_PROMPT model map; passport required,catalog,draft,noindex,/catalog/haier/leader-a/as18tl5hra-a/,2026-08-20,28
/catalog/haier/leader-a/as24tl5hra-a/,product,Проверка и подбор варианта as24tl5hra-a,Haier Leader-A as24tl5hra-a,Haier / Leader-A / as24tl5hra-a,MASTER_PROMPT model map; passport required,catalog,draft,noindex,/catalog/haier/leader-a/as24tl5hra-a/,2026-08-20,28
/catalog/jax/murray-acy-he-r32-new/07/,product,Проверка и подбор варианта 07,JAX Murray ACY-HE R32 NEW 07,JAX / Murray ACY-HE R32 NEW / 07,MASTER_PROMPT model map; passport required,catalog,draft,noindex,/catalog/jax/murray-acy-he-r32-new/07/,2026-08-20,28
/catalog/jax/murray-acy-he-r32-new/09/,product,Проверка и подбор варианта 09,JAX Murray ACY-HE R32 NEW 09,JAX / Murray ACY-HE R32 NEW / 09,MASTER_PROMPT model map; passport required,catalog,draft,noindex,/catalog/jax/murray-acy-he-r32-new/09/,2026-08-20,28
/catalog/jax/murray-acy-he-r32-new/12/,product,Проверка и подбор варианта 12,JAX Murray ACY-HE R32 NEW 12,JAX / Murray ACY-HE R32 NEW / 12,MASTER_PROMPT model map; passport required,catalog,draft,noindex,/catalog/jax/murray-acy-he-r32-new/12/,2026-08-20,28
/catalog/jax/murray-acy-he-r32-new/18/,product,Проверка и подбор варианта 18,JAX Murray ACY-HE R32 NEW 18,JAX / Murray ACY-HE R32 NEW / 18,MASTER_PROMPT model map; passport required,catalog,draft,noindex,/catalog/jax/murray-acy-he-r32-new/18/,2026-08-20,28
/catalog/jax/murray-acy-he-r32-new/24/,product,Проверка и подбор варианта 24,JAX Murray ACY-HE R32 NEW 24,JAX / Murray ACY-HE R32 NEW / 24,MASTER_PROMPT model map; passport required,catalog,draft,noindex,/catalog/jax/murray-acy-he-r32-new/24/,2026-08-20,28
/catalog/jax/hayman-aci-he-neo-r32/10/,product,Проверка и подбор варианта 10,JAX Hayman ACI-HE NEO R32 10,JAX / Hayman ACI-HE NEO R32 / 10,MASTER_PROMPT model map; passport required,catalog,draft,noindex,/catalog/jax/hayman-aci-he-neo-r32/10/,2026-08-20,28
/catalog/jax/hayman-aci-he-neo-r32/14/,product,Проверка и подбор варианта 14,JAX Hayman ACI-HE NEO R32 14,JAX / Hayman ACI-HE NEO R32 / 14,MASTER_PROMPT model map; passport required,catalog,draft,noindex,/catalog/jax/hayman-aci-he-neo-r32/14/,2026-08-20,28
/catalog/jax/hayman-aci-he-neo-r32/20/,product,Проверка и подбор варианта 20,JAX Hayman ACI-HE NEO R32 20,JAX / Hayman ACI-HE NEO R32 / 20,MASTER_PROMPT model map; passport required,catalog,draft,noindex,/catalog/jax/hayman-aci-he-neo-r32/20/,2026-08-20,28
/catalog/jax/hayman-aci-he-neo-r32/26/,product,Проверка и подбор варианта 26,JAX Hayman ACI-HE NEO R32 26,JAX / Hayman ACI-HE NEO R32 / 26,MASTER_PROMPT model map; passport required,catalog,draft,noindex,/catalog/jax/hayman-aci-he-neo-r32/26/,2026-08-20,28
/catalog/jax/brisbane-aciu-he-r32/08/,product,Проверка и подбор варианта 08,JAX Brisbane ACIU-HE R32 08,JAX / Brisbane ACIU-HE R32 / 08,MASTER_PROMPT model map; passport required,catalog,draft,noindex,/catalog/jax/brisbane-aciu-he-r32/08/,2026-08-20,28
/catalog/jax/brisbane-aciu-he-r32/10/,product,Проверка и подбор варианта 10,JAX Brisbane ACIU-HE R32 10,JAX / Brisbane ACIU-HE R32 / 10,MASTER_PROMPT model map; passport required,catalog,draft,noindex,/catalog/jax/brisbane-aciu-he-r32/10/,2026-08-20,28
/catalog/jax/brisbane-aciu-he-r32/14/,product,Проверка и подбор варианта 14,JAX Brisbane ACIU-HE R32 14,JAX / Brisbane ACIU-HE R32 / 14,MASTER_PROMPT model map; passport required,catalog,draft,noindex,/catalog/jax/brisbane-aciu-he-r32/14/,2026-08-20,28
/catalog/jax/brisbane-aciu-he-r32/20/,product,Проверка и подбор варианта 20,JAX Brisbane ACIU-HE R32 20,JAX / Brisbane ACIU-HE R32 / 20,MASTER_PROMPT model map; passport required,catalog,draft,noindex,/catalog/jax/brisbane-aciu-he-r32/20/,2026-08-20,28
/catalog/jax/brisbane-aciu-he-r32/26/,product,Проверка и подбор варианта 26,JAX Brisbane ACIU-HE R32 26,JAX / Brisbane ACIU-HE R32 / 26,MASTER_PROMPT model map; passport required,catalog,draft,noindex,/catalog/jax/brisbane-aciu-he-r32/26/,2026-08-20,28
/catalog/jax/tasmania-acn-he-r32/07/,product,Проверка и подбор варианта 07,JAX Tasmania ACN-HE R32 07,JAX / Tasmania ACN-HE R32 / 07,MASTER_PROMPT model map; passport required,catalog,draft,noindex,/catalog/jax/tasmania-acn-he-r32/07/,2026-08-20,28
/catalog/jax/tasmania-acn-he-r32/09/,product,Проверка и подбор варианта 09,JAX Tasmania ACN-HE R32 09,JAX / Tasmania ACN-HE R32 / 09,MASTER_PROMPT model map; passport required,catalog,draft,noindex,/catalog/jax/tasmania-acn-he-r32/09/,2026-08-20,28
/catalog/jax/tasmania-acn-he-r32/14/,product,Проверка и подбор варианта 14,JAX Tasmania ACN-HE R32 14,JAX / Tasmania ACN-HE R32 / 14,MASTER_PROMPT model map; passport required,catalog,draft,noindex,/catalog/jax/tasmania-acn-he-r32/14/,2026-08-20,28
/catalog/jax/tasmania-acn-he-r32/18/,product,Проверка и подбор варианта 18,JAX Tasmania ACN-HE R32 18,JAX / Tasmania ACN-HE R32 / 18,MASTER_PROMPT model map; passport required,catalog,draft,noindex,/catalog/jax/tasmania-acn-he-r32/18/,2026-08-20,28
/catalog/jax/tasmania-acn-he-r32/24/,product,Проверка и подбор варианта 24,JAX Tasmania ACN-HE R32 24,JAX / Tasmania ACN-HE R32 / 24,MASTER_PROMPT model map; passport required,catalog,draft,noindex,/catalog/jax/tasmania-acn-he-r32/24/,2026-08-20,28
/catalog/jax/melbourne-acm-he/08/,product,Проверка и подбор варианта 08,JAX Melbourne ACM-HE 08,JAX / Melbourne ACM-HE / 08,MASTER_PROMPT model map; passport required,catalog,draft,noindex,/catalog/jax/melbourne-acm-he/08/,2026-08-20,28
/catalog/jax/melbourne-acm-he/10/,product,Проверка и подбор варианта 10,JAX Melbourne ACM-HE 10,JAX / Melbourne ACM-HE / 10,MASTER_PROMPT model map; passport required,catalog,draft,noindex,/catalog/jax/melbourne-acm-he/10/,2026-08-20,28
/catalog/jax/melbourne-acm-he/14/,product,Проверка и подбор варианта 14,JAX Melbourne ACM-HE 14,JAX / Melbourne ACM-HE / 14,MASTER_PROMPT model map; passport required,catalog,draft,noindex,/catalog/jax/melbourne-acm-he/14/,2026-08-20,28
/catalog/jax/melbourne-acm-he/20/,product,Проверка и подбор варианта 20,JAX Melbourne ACM-HE 20,JAX / Melbourne ACM-HE / 20,MASTER_PROMPT model map; passport required,catalog,draft,noindex,/catalog/jax/melbourne-acm-he/20/,2026-08-20,28
/catalog/jax/melbourne-acm-he/26/,product,Проверка и подбор варианта 26,JAX Melbourne ACM-HE 26,JAX / Melbourne ACM-HE / 26,MASTER_PROMPT model map; passport required,catalog,draft,noindex,/catalog/jax/melbourne-acm-he/26/,2026-08-20,28
/catalog/jax/melbourne-acm-he/32/,product,Проверка и подбор варианта 32,JAX Melbourne ACM-HE 32,JAX / Melbourne ACM-HE / 32,MASTER_PROMPT model map; passport required,catalog,draft,noindex,/catalog/jax/melbourne-acm-he/32/,2026-08-20,28
/catalog/jax/melbourne-acm-he/38/,product,Проверка и подбор варианта 38,JAX Melbourne ACM-HE 38,JAX / Melbourne ACM-HE / 38,MASTER_PROMPT model map; passport required,catalog,draft,noindex,/catalog/jax/melbourne-acm-he/38/,2026-08-20,28
/catalog/jax/york-ace-he-neo/08/,product,Проверка и подбор варианта 08,JAX York ACE-HE NEO 08,JAX / York ACE-HE NEO / 08,MASTER_PROMPT model map; passport required,catalog,draft,noindex,/catalog/jax/york-ace-he-neo/08/,2026-08-20,28
/catalog/jax/york-ace-he-neo/10/,product,Проверка и подбор варианта 10,JAX York ACE-HE NEO 10,JAX / York ACE-HE NEO / 10,MASTER_PROMPT model map; passport required,catalog,draft,noindex,/catalog/jax/york-ace-he-neo/10/,2026-08-20,28
/catalog/jax/york-ace-he-neo/14/,product,Проверка и подбор варианта 14,JAX York ACE-HE NEO 14,JAX / York ACE-HE NEO / 14,MASTER_PROMPT model map; passport required,catalog,draft,noindex,/catalog/jax/york-ace-he-neo/14/,2026-08-20,28
/catalog/jax/york-ace-he-neo/20/,product,Проверка и подбор варианта 20,JAX York ACE-HE NEO 20,JAX / York ACE-HE NEO / 20,MASTER_PROMPT model map; passport required,catalog,draft,noindex,/catalog/jax/york-ace-he-neo/20/,2026-08-20,28
/catalog/jax/york-ace-he-neo/26/,product,Проверка и подбор варианта 26,JAX York ACE-HE NEO 26,JAX / York ACE-HE NEO / 26,MASTER_PROMPT model map; passport required,catalog,draft,noindex,/catalog/jax/york-ace-he-neo/26/,2026-08-20,28
/catalog/jax/adelaide-aci-he/10/,product,Проверка и подбор варианта 10,JAX Adelaide ACI-HE 10,JAX / Adelaide ACI-HE / 10,MASTER_PROMPT model map; passport required,catalog,draft,noindex,/catalog/jax/adelaide-aci-he/10/,2026-08-20,28
/catalog/jax/adelaide-aci-he/14/,product,Проверка и подбор варианта 14,JAX Adelaide ACI-HE 14,JAX / Adelaide ACI-HE / 14,MASTER_PROMPT model map; passport required,catalog,draft,noindex,/catalog/jax/adelaide-aci-he/14/,2026-08-20,28
/catalog/jax/adelaide-aci-he/20/,product,Проверка и подбор варианта 20,JAX Adelaide ACI-HE 20,JAX / Adelaide ACI-HE / 20,MASTER_PROMPT model map; passport required,catalog,draft,noindex,/catalog/jax/adelaide-aci-he/20/,2026-08-20,28
/catalog/jax/adelaide-aci-he/26/,product,Проверка и подбор варианта 26,JAX Adelaide ACI-HE 26,JAX / Adelaide ACI-HE / 26,MASTER_PROMPT model map; passport required,catalog,draft,noindex,/catalog/jax/adelaide-aci-he/26/,2026-08-20,28
/catalog/jax/darwin-ack-he/08/,product,Проверка и подбор варианта 08,JAX Darwin ACK-HE 08,JAX / Darwin ACK-HE / 08,MASTER_PROMPT model map; passport required,catalog,draft,noindex,/catalog/jax/darwin-ack-he/08/,2026-08-20,28
/catalog/jax/darwin-ack-he/10/,product,Проверка и подбор варианта 10,JAX Darwin ACK-HE 10,JAX / Darwin ACK-HE / 10,MASTER_PROMPT model map; passport required,catalog,draft,noindex,/catalog/jax/darwin-ack-he/10/,2026-08-20,28
/catalog/jax/darwin-ack-he/14/,product,Проверка и подбор варианта 14,JAX Darwin ACK-HE 14,JAX / Darwin ACK-HE / 14,MASTER_PROMPT model map; passport required,catalog,draft,noindex,/catalog/jax/darwin-ack-he/14/,2026-08-20,28
/catalog/jax/darwin-ack-he/20/,product,Проверка и подбор варианта 20,JAX Darwin ACK-HE 20,JAX / Darwin ACK-HE / 20,MASTER_PROMPT model map; passport required,catalog,draft,noindex,/catalog/jax/darwin-ack-he/20/,2026-08-20,28
/catalog/jax/darwin-ack-he/26/,product,Проверка и подбор варианта 26,JAX Darwin ACK-HE 26,JAX / Darwin ACK-HE / 26,MASTER_PROMPT model map; passport required,catalog,draft,noindex,/catalog/jax/darwin-ack-he/26/,2026-08-20,28
/catalog/rovex/smart-pro-rs-pxi6-pro/09/,product,Проверка и подбор варианта 09,Rovex Smart PRO RS-PXI6 PRO 09,Rovex / Smart PRO RS-PXI6 PRO / 09,MASTER_PROMPT model map; passport required,catalog,draft,noindex,/catalog/rovex/smart-pro-rs-pxi6-pro/09/,2026-08-20,28
/catalog/rovex/smart-pro-rs-pxi6-pro/12/,product,Проверка и подбор варианта 12,Rovex Smart PRO RS-PXI6 PRO 12,Rovex / Smart PRO RS-PXI6 PRO / 12,MASTER_PROMPT model map; passport required,catalog,draft,noindex,/catalog/rovex/smart-pro-rs-pxi6-pro/12/,2026-08-20,28
/catalog/rovex/smart-pro-rs-pxi6-pro/18/,product,Проверка и подбор варианта 18,Rovex Smart PRO RS-PXI6 PRO 18,Rovex / Smart PRO RS-PXI6 PRO / 18,MASTER_PROMPT model map; passport required,catalog,draft,noindex,/catalog/rovex/smart-pro-rs-pxi6-pro/18/,2026-08-20,28
/catalog/rovex/smart-pro-rs-pxi6-pro/24/,product,Проверка и подбор варианта 24,Rovex Smart PRO RS-PXI6 PRO 24,Rovex / Smart PRO RS-PXI6 PRO / 24,MASTER_PROMPT model map; passport required,catalog,draft,noindex,/catalog/rovex/smart-pro-rs-pxi6-pro/24/,2026-08-20,28
/catalog/rovex/smart-rs-pxi6/07/,product,Проверка и подбор варианта 07,Rovex SMART RS-PXI6 07,Rovex / SMART RS-PXI6 / 07,MASTER_PROMPT model map; passport required,catalog,draft,noindex,/catalog/rovex/smart-rs-pxi6/07/,2026-08-20,28
/catalog/rovex/smart-rs-pxi6/09/,product,Проверка и подбор варианта 09,Rovex SMART RS-PXI6 09,Rovex / SMART RS-PXI6 / 09,MASTER_PROMPT model map; passport required,catalog,draft,noindex,/catalog/rovex/smart-rs-pxi6/09/,2026-08-20,28
/catalog/rovex/smart-rs-pxi6/12/,product,Проверка и подбор варианта 12,Rovex SMART RS-PXI6 12,Rovex / SMART RS-PXI6 / 12,MASTER_PROMPT model map; passport required,catalog,draft,noindex,/catalog/rovex/smart-rs-pxi6/12/,2026-08-20,28
/catalog/rovex/smart-rs-pxi6/18/,product,Проверка и подбор варианта 18,Rovex SMART RS-PXI6 18,Rovex / SMART RS-PXI6 / 18,MASTER_PROMPT model map; passport required,catalog,draft,noindex,/catalog/rovex/smart-rs-pxi6/18/,2026-08-20,28
/catalog/rovex/smart-rs-pxi6/24/,product,Проверка и подбор варианта 24,Rovex SMART RS-PXI6 24,Rovex / SMART RS-PXI6 / 24,MASTER_PROMPT model map; passport required,catalog,draft,noindex,/catalog/rovex/smart-rs-pxi6/24/,2026-08-20,28
/catalog/rovex/star-s-abs-he-s/07/,product,Проверка и подбор варианта 07,Rovex STAR-S ABS-HE-S 07,Rovex / STAR-S ABS-HE-S / 07,MASTER_PROMPT model map; passport required,catalog,draft,noindex,/catalog/rovex/star-s-abs-he-s/07/,2026-08-20,28
/catalog/rovex/star-s-abs-he-s/09/,product,Проверка и подбор варианта 09,Rovex STAR-S ABS-HE-S 09,Rovex / STAR-S ABS-HE-S / 09,MASTER_PROMPT model map; passport required,catalog,draft,noindex,/catalog/rovex/star-s-abs-he-s/09/,2026-08-20,28
/catalog/rovex/star-s-abs-he-s/12/,product,Проверка и подбор варианта 12,Rovex STAR-S ABS-HE-S 12,Rovex / STAR-S ABS-HE-S / 12,MASTER_PROMPT model map; passport required,catalog,draft,noindex,/catalog/rovex/star-s-abs-he-s/12/,2026-08-20,28
/catalog/rovex/star-s-abs-he-s/18/,product,Проверка и подбор варианта 18,Rovex STAR-S ABS-HE-S 18,Rovex / STAR-S ABS-HE-S / 18,MASTER_PROMPT model map; passport required,catalog,draft,noindex,/catalog/rovex/star-s-abs-he-s/18/,2026-08-20,28
/catalog/rovex/star-s-abs-he-s/24/,product,Проверка и подбор варианта 24,Rovex STAR-S ABS-HE-S 24,Rovex / STAR-S ABS-HE-S / 24,MASTER_PROMPT model map; passport required,catalog,draft,noindex,/catalog/rovex/star-s-abs-he-s/24/,2026-08-20,28
/catalog/rovex/star-n-abs-he-n/07/,product,Проверка и подбор варианта 07,Rovex STAR-N ABS-HE-N 07,Rovex / STAR-N ABS-HE-N / 07,MASTER_PROMPT model map; passport required,catalog,draft,noindex,/catalog/rovex/star-n-abs-he-n/07/,2026-08-20,28
/catalog/rovex/star-n-abs-he-n/09/,product,Проверка и подбор варианта 09,Rovex STAR-N ABS-HE-N 09,Rovex / STAR-N ABS-HE-N / 09,MASTER_PROMPT model map; passport required,catalog,draft,noindex,/catalog/rovex/star-n-abs-he-n/09/,2026-08-20,28
/catalog/rovex/star-n-abs-he-n/12/,product,Проверка и подбор варианта 12,Rovex STAR-N ABS-HE-N 12,Rovex / STAR-N ABS-HE-N / 12,MASTER_PROMPT model map; passport required,catalog,draft,noindex,/catalog/rovex/star-n-abs-he-n/12/,2026-08-20,28
/catalog/rovex/star-n-abs-he-n/18/,product,Проверка и подбор варианта 18,Rovex STAR-N ABS-HE-N 18,Rovex / STAR-N ABS-HE-N / 18,MASTER_PROMPT model map; passport required,catalog,draft,noindex,/catalog/rovex/star-n-abs-he-n/18/,2026-08-20,28
/catalog/rovex/star-n-abs-he-n/24/,product,Проверка и подбор варианта 24,Rovex STAR-N ABS-HE-N 24,Rovex / STAR-N ABS-HE-N / 24,MASTER_PROMPT model map; passport required,catalog,draft,noindex,/catalog/rovex/star-n-abs-he-n/24/,2026-08-20,28
/catalog/rovex/rich-rs-muin1/07/,product,Проверка и подбор варианта 07,Rovex RICH RS-MUIN1 07,Rovex / RICH RS-MUIN1 / 07,MASTER_PROMPT model map; passport required,catalog,draft,noindex,/catalog/rovex/rich-rs-muin1/07/,2026-08-20,28
/catalog/rovex/rich-rs-muin1/09/,product,Проверка и подбор варианта 09,Rovex RICH RS-MUIN1 09,Rovex / RICH RS-MUIN1 / 09,MASTER_PROMPT model map; passport required,catalog,draft,noindex,/catalog/rovex/rich-rs-muin1/09/,2026-08-20,28
/catalog/rovex/rich-rs-muin1/12/,product,Проверка и подбор варианта 12,Rovex RICH RS-MUIN1 12,Rovex / RICH RS-MUIN1 / 12,MASTER_PROMPT model map; passport required,catalog,draft,noindex,/catalog/rovex/rich-rs-muin1/12/,2026-08-20,28
/catalog/rovex/rich-rs-muin1/18/,product,Проверка и подбор варианта 18,Rovex RICH RS-MUIN1 18,Rovex / RICH RS-MUIN1 / 18,MASTER_PROMPT model map; passport required,catalog,draft,noindex,/catalog/rovex/rich-rs-muin1/18/,2026-08-20,28
/catalog/rovex/rich-rs-muin1/24/,product,Проверка и подбор варианта 24,Rovex RICH RS-MUIN1 24,Rovex / RICH RS-MUIN1 / 24,MASTER_PROMPT model map; passport required,catalog,draft,noindex,/catalog/rovex/rich-rs-muin1/24/,2026-08-20,28
/catalog/rovex/megapolis-rs-cbs4/07/,product,Проверка и подбор варианта 07,Rovex MEGAPOLIS RS-CBS4 07,Rovex / MEGAPOLIS RS-CBS4 / 07,MASTER_PROMPT model map; passport required,catalog,draft,noindex,/catalog/rovex/megapolis-rs-cbs4/07/,2026-08-20,28
/catalog/rovex/megapolis-rs-cbs4/09/,product,Проверка и подбор варианта 09,Rovex MEGAPOLIS RS-CBS4 09,Rovex / MEGAPOLIS RS-CBS4 / 09,MASTER_PROMPT model map; passport required,catalog,draft,noindex,/catalog/rovex/megapolis-rs-cbs4/09/,2026-08-20,28
/catalog/rovex/megapolis-rs-cbs4/12/,product,Проверка и подбор варианта 12,Rovex MEGAPOLIS RS-CBS4 12,Rovex / MEGAPOLIS RS-CBS4 / 12,MASTER_PROMPT model map; passport required,catalog,draft,noindex,/catalog/rovex/megapolis-rs-cbs4/12/,2026-08-20,28
/catalog/rovex/megapolis-rs-cbs4/18/,product,Проверка и подбор варианта 18,Rovex MEGAPOLIS RS-CBS4 18,Rovex / MEGAPOLIS RS-CBS4 / 18,MASTER_PROMPT model map; passport required,catalog,draft,noindex,/catalog/rovex/megapolis-rs-cbs4/18/,2026-08-20,28
/catalog/rovex/megapolis-rs-cbs4/24/,product,Проверка и подбор варианта 24,Rovex MEGAPOLIS RS-CBS4 24,Rovex / MEGAPOLIS RS-CBS4 / 24,MASTER_PROMPT model map; passport required,catalog,draft,noindex,/catalog/rovex/megapolis-rs-cbs4/24/,2026-08-20,28
/catalog/rovex/city-pro-rs-cst4-pro/07/,product,Проверка и подбор варианта 07,Rovex CITY PRO RS-CST4-PRO 07,Rovex / CITY PRO RS-CST4-PRO / 07,MASTER_PROMPT model map; passport required,catalog,draft,noindex,/catalog/rovex/city-pro-rs-cst4-pro/07/,2026-08-20,28
/catalog/rovex/city-pro-rs-cst4-pro/09/,product,Проверка и подбор варианта 09,Rovex CITY PRO RS-CST4-PRO 09,Rovex / CITY PRO RS-CST4-PRO / 09,MASTER_PROMPT model map; passport required,catalog,draft,noindex,/catalog/rovex/city-pro-rs-cst4-pro/09/,2026-08-20,28
/catalog/rovex/city-pro-rs-cst4-pro/12/,product,Проверка и подбор варианта 12,Rovex CITY PRO RS-CST4-PRO 12,Rovex / CITY PRO RS-CST4-PRO / 12,MASTER_PROMPT model map; passport required,catalog,draft,noindex,/catalog/rovex/city-pro-rs-cst4-pro/12/,2026-08-20,28
/catalog/rovex/city-pro-rs-cst4-pro/18/,product,Проверка и подбор варианта 18,Rovex CITY PRO RS-CST4-PRO 18,Rovex / CITY PRO RS-CST4-PRO / 18,MASTER_PROMPT model map; passport required,catalog,draft,noindex,/catalog/rovex/city-pro-rs-cst4-pro/18/,2026-08-20,28
/catalog/rovex/city-pro-rs-cst4-pro/24/,product,Проверка и подбор варианта 24,Rovex CITY PRO RS-CST4-PRO 24,Rovex / CITY PRO RS-CST4-PRO / 24,MASTER_PROMPT model map; passport required,catalog,draft,noindex,/catalog/rovex/city-pro-rs-cst4-pro/24/,2026-08-20,28
/catalog/rovex/city-rs-cst4/07/,product,Проверка и подбор варианта 07,Rovex CITY RS-CST4 07,Rovex / CITY RS-CST4 / 07,MASTER_PROMPT model map; passport required,catalog,draft,noindex,/catalog/rovex/city-rs-cst4/07/,2026-08-20,28
/catalog/rovex/city-rs-cst4/09/,product,Проверка и подбор варианта 09,Rovex CITY RS-CST4 09,Rovex / CITY RS-CST4 / 09,MASTER_PROMPT model map; passport required,catalog,draft,noindex,/catalog/rovex/city-rs-cst4/09/,2026-08-20,28
/catalog/rovex/city-rs-cst4/12/,product,Проверка и подбор варианта 12,Rovex CITY RS-CST4 12,Rovex / CITY RS-CST4 / 12,MASTER_PROMPT model map; passport required,catalog,draft,noindex,/catalog/rovex/city-rs-cst4/12/,2026-08-20,28
/catalog/rovex/city-rs-cst4/18/,product,Проверка и подбор варианта 18,Rovex CITY RS-CST4 18,Rovex / CITY RS-CST4 / 18,MASTER_PROMPT model map; passport required,catalog,draft,noindex,/catalog/rovex/city-rs-cst4/18/,2026-08-20,28
/catalog/rovex/city-rs-cst4/24/,product,Проверка и подбор варианта 24,Rovex CITY RS-CST4 24,Rovex / CITY RS-CST4 / 24,MASTER_PROMPT model map; passport required,catalog,draft,noindex,/catalog/rovex/city-rs-cst4/24/,2026-08-20,28
/catalog/rovex/mira-s-ast-he-s/07/,product,Проверка и подбор варианта 07,Rovex MIRA-S AST-HE-S 07,Rovex / MIRA-S AST-HE-S / 07,MASTER_PROMPT model map; passport required,catalog,draft,noindex,/catalog/rovex/mira-s-ast-he-s/07/,2026-08-20,28
/catalog/rovex/mira-s-ast-he-s/09/,product,Проверка и подбор варианта 09,Rovex MIRA-S AST-HE-S 09,Rovex / MIRA-S AST-HE-S / 09,MASTER_PROMPT model map; passport required,catalog,draft,noindex,/catalog/rovex/mira-s-ast-he-s/09/,2026-08-20,28
/catalog/rovex/mira-s-ast-he-s/12/,product,Проверка и подбор варианта 12,Rovex MIRA-S AST-HE-S 12,Rovex / MIRA-S AST-HE-S / 12,MASTER_PROMPT model map; passport required,catalog,draft,noindex,/catalog/rovex/mira-s-ast-he-s/12/,2026-08-20,28
/catalog/rovex/mira-s-ast-he-s/18/,product,Проверка и подбор варианта 18,Rovex MIRA-S AST-HE-S 18,Rovex / MIRA-S AST-HE-S / 18,MASTER_PROMPT model map; passport required,catalog,draft,noindex,/catalog/rovex/mira-s-ast-he-s/18/,2026-08-20,28
/catalog/rovex/mira-s-ast-he-s/24/,product,Проверка и подбор варианта 24,Rovex MIRA-S AST-HE-S 24,Rovex / MIRA-S AST-HE-S / 24,MASTER_PROMPT model map; passport required,catalog,draft,noindex,/catalog/rovex/mira-s-ast-he-s/24/,2026-08-20,28
/catalog/rovex/mira-n-ast-he-n/07/,product,Проверка и подбор варианта 07,Rovex MIRA-N AST-HE-N 07,Rovex / MIRA-N AST-HE-N / 07,MASTER_PROMPT model map; passport required,catalog,draft,noindex,/catalog/rovex/mira-n-ast-he-n/07/,2026-08-20,28
/catalog/rovex/mira-n-ast-he-n/09/,product,Проверка и подбор варианта 09,Rovex MIRA-N AST-HE-N 09,Rovex / MIRA-N AST-HE-N / 09,MASTER_PROMPT model map; passport required,catalog,draft,noindex,/catalog/rovex/mira-n-ast-he-n/09/,2026-08-20,28
/catalog/rovex/mira-n-ast-he-n/12/,product,Проверка и подбор варианта 12,Rovex MIRA-N AST-HE-N 12,Rovex / MIRA-N AST-HE-N / 12,MASTER_PROMPT model map; passport required,catalog,draft,noindex,/catalog/rovex/mira-n-ast-he-n/12/,2026-08-20,28
/catalog/rovex/mira-n-ast-he-n/18/,product,Проверка и подбор варианта 18,Rovex MIRA-N AST-HE-N 18,Rovex / MIRA-N AST-HE-N / 18,MASTER_PROMPT model map; passport required,catalog,draft,noindex,/catalog/rovex/mira-n-ast-he-n/18/,2026-08-20,28
/catalog/rovex/mira-n-ast-he-n/24/,product,Проверка и подбор варианта 24,Rovex MIRA-N AST-HE-N 24,Rovex / MIRA-N AST-HE-N / 24,MASTER_PROMPT model map; passport required,catalog,draft,noindex,/catalog/rovex/mira-n-ast-he-n/24/,2026-08-20,28
/catalog/rovex/grace-rs-mst1/07/,product,Проверка и подбор варианта 07,Rovex GRACE RS-MST1 07,Rovex / GRACE RS-MST1 / 07,MASTER_PROMPT model map; passport required,catalog,draft,noindex,/catalog/rovex/grace-rs-mst1/07/,2026-08-20,28
/catalog/rovex/grace-rs-mst1/09/,product,Проверка и подбор варианта 09,Rovex GRACE RS-MST1 09,Rovex / GRACE RS-MST1 / 09,MASTER_PROMPT model map; passport required,catalog,draft,noindex,/catalog/rovex/grace-rs-mst1/09/,2026-08-20,28
/catalog/rovex/grace-rs-mst1/12/,product,Проверка и подбор варианта 12,Rovex GRACE RS-MST1 12,Rovex / GRACE RS-MST1 / 12,MASTER_PROMPT model map; passport required,catalog,draft,noindex,/catalog/rovex/grace-rs-mst1/12/,2026-08-20,28
/catalog/rovex/grace-rs-mst1/18/,product,Проверка и подбор варианта 18,Rovex GRACE RS-MST1 18,Rovex / GRACE RS-MST1 / 18,MASTER_PROMPT model map; passport required,catalog,draft,noindex,/catalog/rovex/grace-rs-mst1/18/,2026-08-20,28
/catalog/rovex/grace-rs-mst1/24/,product,Проверка и подбор варианта 24,Rovex GRACE RS-MST1 24,Rovex / GRACE RS-MST1 / 24,MASTER_PROMPT model map; passport required,catalog,draft,noindex,/catalog/rovex/grace-rs-mst1/24/,2026-08-20,28
/catalog/rovex/cst-5-unite/07/,product,Проверка и подбор варианта 07,Rovex CST-5 UNITE 07,Rovex / CST-5 UNITE / 07,MASTER_PROMPT model map; passport required,catalog,draft,noindex,/catalog/rovex/cst-5-unite/07/,2026-08-20,28
/catalog/rovex/cst-5-unite/09/,product,Проверка и подбор варианта 09,Rovex CST-5 UNITE 09,Rovex / CST-5 UNITE / 09,MASTER_PROMPT model map; passport required,catalog,draft,noindex,/catalog/rovex/cst-5-unite/09/,2026-08-20,28
/catalog/rovex/cst-5-unite/12/,product,Проверка и подбор варианта 12,Rovex CST-5 UNITE 12,Rovex / CST-5 UNITE / 12,MASTER_PROMPT model map; passport required,catalog,draft,noindex,/catalog/rovex/cst-5-unite/12/,2026-08-20,28
/catalog/rovex/cst-5-unite/18/,product,Проверка и подбор варианта 18,Rovex CST-5 UNITE 18,Rovex / CST-5 UNITE / 18,MASTER_PROMPT model map; passport required,catalog,draft,noindex,/catalog/rovex/cst-5-unite/18/,2026-08-20,28
/catalog/rovex/cst-5-unite/24/,product,Проверка и подбор варианта 24,Rovex CST-5 UNITE 24,Rovex / CST-5 UNITE / 24,MASTER_PROMPT model map; passport required,catalog,draft,noindex,/catalog/rovex/cst-5-unite/24/,2026-08-20,28
/catalog/rovex/cst5-pro/07-white/,product,Проверка и подбор варианта 07-white,Rovex ROVEX CST5 PRO 07-white,Rovex / ROVEX CST5 PRO / 07-white,MASTER_PROMPT model map; passport required,catalog,draft,noindex,/catalog/rovex/cst5-pro/07-white/,2026-08-20,28
/catalog/rovex/cst5-pro/09-white/,product,Проверка и подбор варианта 09-white,Rovex ROVEX CST5 PRO 09-white,Rovex / ROVEX CST5 PRO / 09-white,MASTER_PROMPT model map; passport required,catalog,draft,noindex,/catalog/rovex/cst5-pro/09-white/,2026-08-20,28
/catalog/rovex/cst5-pro/12-white/,product,Проверка и подбор варианта 12-white,Rovex ROVEX CST5 PRO 12-white,Rovex / ROVEX CST5 PRO / 12-white,MASTER_PROMPT model map; passport required,catalog,draft,noindex,/catalog/rovex/cst5-pro/12-white/,2026-08-20,28
/catalog/rovex/cst5-pro/18-white/,product,Проверка и подбор варианта 18-white,Rovex ROVEX CST5 PRO 18-white,Rovex / ROVEX CST5 PRO / 18-white,MASTER_PROMPT model map; passport required,catalog,draft,noindex,/catalog/rovex/cst5-pro/18-white/,2026-08-20,28
/catalog/rovex/cst5-pro/24-white/,product,Проверка и подбор варианта 24-white,Rovex ROVEX CST5 PRO 24-white,Rovex / ROVEX CST5 PRO / 24-white,MASTER_PROMPT model map; passport required,catalog,draft,noindex,/catalog/rovex/cst5-pro/24-white/,2026-08-20,28
/catalog/rovex/cst5-pro/09-black/,product,Проверка и подбор варианта 09-black,Rovex ROVEX CST5 PRO 09-black,Rovex / ROVEX CST5 PRO / 09-black,MASTER_PROMPT model map; passport required,catalog,draft,noindex,/catalog/rovex/cst5-pro/09-black/,2026-08-20,28
/catalog/rovex/cst5-pro/12-black/,product,Проверка и подбор варианта 12-black,Rovex ROVEX CST5 PRO 12-black,Rovex / ROVEX CST5 PRO / 12-black,MASTER_PROMPT model map; passport required,catalog,draft,noindex,/catalog/rovex/cst5-pro/12-black/,2026-08-20,28
/catalog/rovex/cst5-pro/18-black/,product,Проверка и подбор варианта 18-black,Rovex ROVEX CST5 PRO 18-black,Rovex / ROVEX CST5 PRO / 18-black,MASTER_PROMPT model map; passport required,catalog,draft,noindex,/catalog/rovex/cst5-pro/18-black/,2026-08-20,28
/catalog/rovex/cst5-pro/09-grey/,product,Проверка и подбор варианта 09-grey,Rovex ROVEX CST5 PRO 09-grey,Rovex / ROVEX CST5 PRO / 09-grey,MASTER_PROMPT model map; passport required,catalog,draft,noindex,/catalog/rovex/cst5-pro/09-grey/,2026-08-20,28
/catalog/rovex/cst5-pro/12-grey/,product,Проверка и подбор варианта 12-grey,Rovex ROVEX CST5 PRO 12-grey,Rovex / ROVEX CST5 PRO / 12-grey,MASTER_PROMPT model map; passport required,catalog,draft,noindex,/catalog/rovex/cst5-pro/12-grey/,2026-08-20,28
/catalog/rovex/cst5-pro/18-grey/,product,Проверка и подбор варианта 18-grey,Rovex ROVEX CST5 PRO 18-grey,Rovex / ROVEX CST5 PRO / 18-grey,MASTER_PROMPT model map; passport required,catalog,draft,noindex,/catalog/rovex/cst5-pro/18-grey/,2026-08-20,28
/catalog/rovex/rs-cbs5-pro/07-white/,product,Проверка и подбор варианта 07-white,Rovex RS-CBS5 PRO 07-white,Rovex / RS-CBS5 PRO / 07-white,MASTER_PROMPT model map; passport required,catalog,draft,noindex,/catalog/rovex/rs-cbs5-pro/07-white/,2026-08-20,28
/catalog/rovex/rs-cbs5-pro/09-white/,product,Проверка и подбор варианта 09-white,Rovex RS-CBS5 PRO 09-white,Rovex / RS-CBS5 PRO / 09-white,MASTER_PROMPT model map; passport required,catalog,draft,noindex,/catalog/rovex/rs-cbs5-pro/09-white/,2026-08-20,28
/catalog/rovex/rs-cbs5-pro/12-white/,product,Проверка и подбор варианта 12-white,Rovex RS-CBS5 PRO 12-white,Rovex / RS-CBS5 PRO / 12-white,MASTER_PROMPT model map; passport required,catalog,draft,noindex,/catalog/rovex/rs-cbs5-pro/12-white/,2026-08-20,28
/catalog/rovex/rs-cbs5-pro/18-white/,product,Проверка и подбор варианта 18-white,Rovex RS-CBS5 PRO 18-white,Rovex / RS-CBS5 PRO / 18-white,MASTER_PROMPT model map; passport required,catalog,draft,noindex,/catalog/rovex/rs-cbs5-pro/18-white/,2026-08-20,28
/catalog/rovex/rs-cbs5-pro/24-white/,product,Проверка и подбор варианта 24-white,Rovex RS-CBS5 PRO 24-white,Rovex / RS-CBS5 PRO / 24-white,MASTER_PROMPT model map; passport required,catalog,draft,noindex,/catalog/rovex/rs-cbs5-pro/24-white/,2026-08-20,28
/catalog/rovex/rs-cbs5-pro/09-black/,product,Проверка и подбор варианта 09-black,Rovex RS-CBS5 PRO 09-black,Rovex / RS-CBS5 PRO / 09-black,MASTER_PROMPT model map; passport required,catalog,draft,noindex,/catalog/rovex/rs-cbs5-pro/09-black/,2026-08-20,28
/catalog/rovex/rs-cbs5-pro/12-black/,product,Проверка и подбор варианта 12-black,Rovex RS-CBS5 PRO 12-black,Rovex / RS-CBS5 PRO / 12-black,MASTER_PROMPT model map; passport required,catalog,draft,noindex,/catalog/rovex/rs-cbs5-pro/12-black/,2026-08-20,28
/catalog/rovex/rs-cbs5-pro/18-black/,product,Проверка и подбор варианта 18-black,Rovex RS-CBS5 PRO 18-black,Rovex / RS-CBS5 PRO / 18-black,MASTER_PROMPT model map; passport required,catalog,draft,noindex,/catalog/rovex/rs-cbs5-pro/18-black/,2026-08-20,28
/catalog/rovex/rs-cbs5-pro/09-grey/,product,Проверка и подбор варианта 09-grey,Rovex RS-CBS5 PRO 09-grey,Rovex / RS-CBS5 PRO / 09-grey,MASTER_PROMPT model map; passport required,catalog,draft,noindex,/catalog/rovex/rs-cbs5-pro/09-grey/,2026-08-20,28
/catalog/rovex/rs-cbs5-pro/12-grey/,product,Проверка и подбор варианта 12-grey,Rovex RS-CBS5 PRO 12-grey,Rovex / RS-CBS5 PRO / 12-grey,MASTER_PROMPT model map; passport required,catalog,draft,noindex,/catalog/rovex/rs-cbs5-pro/12-grey/,2026-08-20,28
/catalog/rovex/rs-cbs5-pro/18-grey/,product,Проверка и подбор варианта 18-grey,Rovex RS-CBS5 PRO 18-grey,Rovex / RS-CBS5 PRO / 18-grey,MASTER_PROMPT model map; passport required,catalog,draft,noindex,/catalog/rovex/rs-cbs5-pro/18-grey/,2026-08-20,28
/catalog/vickers/rook-vch-he/07/,product,Проверка и подбор варианта 07,Vickers ROOK VCH-HE 07,Vickers / ROOK VCH-HE / 07,MASTER_PROMPT model map; passport required,catalog,draft,noindex,/catalog/vickers/rook-vch-he/07/,2026-08-20,28
/catalog/vickers/rook-vch-he/09/,product,Проверка и подбор варианта 09,Vickers ROOK VCH-HE 09,Vickers / ROOK VCH-HE / 09,MASTER_PROMPT model map; passport required,catalog,draft,noindex,/catalog/vickers/rook-vch-he/09/,2026-08-20,28
/catalog/vickers/rook-vch-he/12/,product,Проверка и подбор варианта 12,Vickers ROOK VCH-HE 12,Vickers / ROOK VCH-HE / 12,MASTER_PROMPT model map; passport required,catalog,draft,noindex,/catalog/vickers/rook-vch-he/12/,2026-08-20,28
/catalog/vickers/rook-vch-he/18/,product,Проверка и подбор варианта 18,Vickers ROOK VCH-HE 18,Vickers / ROOK VCH-HE / 18,MASTER_PROMPT model map; passport required,catalog,draft,noindex,/catalog/vickers/rook-vch-he/18/,2026-08-20,28
/catalog/vickers/rook-vch-he/24/,product,Проверка и подбор варианта 24,Vickers ROOK VCH-HE 24,Vickers / ROOK VCH-HE / 24,MASTER_PROMPT model map; passport required,catalog,draft,noindex,/catalog/vickers/rook-vch-he/24/,2026-08-20,28
/catalog/vickers/tanya/07/,product,Проверка и подбор варианта 07,Vickers Tanya 07,Vickers / Tanya / 07,MASTER_PROMPT model map; passport required,catalog,draft,noindex,/catalog/vickers/tanya/07/,2026-08-20,28
/catalog/vickers/tanya/09/,product,Проверка и подбор варианта 09,Vickers Tanya 09,Vickers / Tanya / 09,MASTER_PROMPT model map; passport required,catalog,draft,noindex,/catalog/vickers/tanya/09/,2026-08-20,28
/catalog/vickers/tanya/12/,product,Проверка и подбор варианта 12,Vickers Tanya 12,Vickers / Tanya / 12,MASTER_PROMPT model map; passport required,catalog,draft,noindex,/catalog/vickers/tanya/12/,2026-08-20,28
/catalog/vickers/tanya/18/,product,Проверка и подбор варианта 18,Vickers Tanya 18,Vickers / Tanya / 18,MASTER_PROMPT model map; passport required,catalog,draft,noindex,/catalog/vickers/tanya/18/,2026-08-20,28
/catalog/vickers/tanya/24/,product,Проверка и подбор варианта 24,Vickers Tanya 24,Vickers / Tanya / 24,MASTER_PROMPT model map; passport required,catalog,draft,noindex,/catalog/vickers/tanya/24/,2026-08-20,28
/catalog/vickers/tanya-max/07/,product,Проверка и подбор варианта 07,Vickers Tanya Max 07,Vickers / Tanya Max / 07,MASTER_PROMPT model map; passport required,catalog,draft,noindex,/catalog/vickers/tanya-max/07/,2026-08-20,28
/catalog/vickers/tanya-max/09/,product,Проверка и подбор варианта 09,Vickers Tanya Max 09,Vickers / Tanya Max / 09,MASTER_PROMPT model map; passport required,catalog,draft,noindex,/catalog/vickers/tanya-max/09/,2026-08-20,28
/catalog/vickers/tanya-max/12/,product,Проверка и подбор варианта 12,Vickers Tanya Max 12,Vickers / Tanya Max / 12,MASTER_PROMPT model map; passport required,catalog,draft,noindex,/catalog/vickers/tanya-max/12/,2026-08-20,28
/catalog/vickers/tanya-max/18/,product,Проверка и подбор варианта 18,Vickers Tanya Max 18,Vickers / Tanya Max / 18,MASTER_PROMPT model map; passport required,catalog,draft,noindex,/catalog/vickers/tanya-max/18/,2026-08-20,28
/catalog/vickers/tanya-max/24/,product,Проверка и подбор варианта 24,Vickers Tanya Max 24,Vickers / Tanya Max / 24,MASTER_PROMPT model map; passport required,catalog,draft,noindex,/catalog/vickers/tanya-max/24/,2026-08-20,28
/catalog/vickers/vera-max-vg-he-max/07/,product,Проверка и подбор варианта 07,Vickers VERA MAX VG-HE MAX 07,Vickers / VERA MAX VG-HE MAX / 07,MASTER_PROMPT model map; passport required,catalog,draft,noindex,/catalog/vickers/vera-max-vg-he-max/07/,2026-08-20,28
/catalog/vickers/vera-max-vg-he-max/09/,product,Проверка и подбор варианта 09,Vickers VERA MAX VG-HE MAX 09,Vickers / VERA MAX VG-HE MAX / 09,MASTER_PROMPT model map; passport required,catalog,draft,noindex,/catalog/vickers/vera-max-vg-he-max/09/,2026-08-20,28
/catalog/vickers/vera-max-vg-he-max/12/,product,Проверка и подбор варианта 12,Vickers VERA MAX VG-HE MAX 12,Vickers / VERA MAX VG-HE MAX / 12,MASTER_PROMPT model map; passport required,catalog,draft,noindex,/catalog/vickers/vera-max-vg-he-max/12/,2026-08-20,28
/catalog/vickers/vera-max-vg-he-max/18/,product,Проверка и подбор варианта 18,Vickers VERA MAX VG-HE MAX 18,Vickers / VERA MAX VG-HE MAX / 18,MASTER_PROMPT model map; passport required,catalog,draft,noindex,/catalog/vickers/vera-max-vg-he-max/18/,2026-08-20,28
/catalog/vickers/vera-max-vg-he-max/24/,product,Проверка и подбор варианта 24,Vickers VERA MAX VG-HE MAX 24,Vickers / VERA MAX VG-HE MAX / 24,MASTER_PROMPT model map; passport required,catalog,draft,noindex,/catalog/vickers/vera-max-vg-he-max/24/,2026-08-20,28
/catalog/vickers/vera-vg-he/07/,product,Проверка и подбор варианта 07,Vickers VERA VG-HE 07,Vickers / VERA VG-HE / 07,MASTER_PROMPT model map; passport required,catalog,draft,noindex,/catalog/vickers/vera-vg-he/07/,2026-08-20,28
/catalog/vickers/vera-vg-he/09/,product,Проверка и подбор варианта 09,Vickers VERA VG-HE 09,Vickers / VERA VG-HE / 09,MASTER_PROMPT model map; passport required,catalog,draft,noindex,/catalog/vickers/vera-vg-he/09/,2026-08-20,28
/catalog/vickers/vera-vg-he/12/,product,Проверка и подбор варианта 12,Vickers VERA VG-HE 12,Vickers / VERA VG-HE / 12,MASTER_PROMPT model map; passport required,catalog,draft,noindex,/catalog/vickers/vera-vg-he/12/,2026-08-20,28
/catalog/vickers/vera-vg-he/18/,product,Проверка и подбор варианта 18,Vickers VERA VG-HE 18,Vickers / VERA VG-HE / 18,MASTER_PROMPT model map; passport required,catalog,draft,noindex,/catalog/vickers/vera-vg-he/18/,2026-08-20,28
/catalog/vickers/vera-vg-he/24/,product,Проверка и подбор варианта 24,Vickers VERA VG-HE 24,Vickers / VERA VG-HE / 24,MASTER_PROMPT model map; passport required,catalog,draft,noindex,/catalog/vickers/vera-vg-he/24/,2026-08-20,28
/catalog/vickers/viking-ve-he/07/,product,Проверка и подбор варианта 07,Vickers VIKING VE-HE 07,Vickers / VIKING VE-HE / 07,MASTER_PROMPT model map; passport required,catalog,draft,noindex,/catalog/vickers/viking-ve-he/07/,2026-08-20,28
/catalog/vickers/viking-ve-he/09/,product,Проверка и подбор варианта 09,Vickers VIKING VE-HE 09,Vickers / VIKING VE-HE / 09,MASTER_PROMPT model map; passport required,catalog,draft,noindex,/catalog/vickers/viking-ve-he/09/,2026-08-20,28
/catalog/vickers/viking-ve-he/12/,product,Проверка и подбор варианта 12,Vickers VIKING VE-HE 12,Vickers / VIKING VE-HE / 12,MASTER_PROMPT model map; passport required,catalog,draft,noindex,/catalog/vickers/viking-ve-he/12/,2026-08-20,28
/catalog/vickers/viking-ve-he/18/,product,Проверка и подбор варианта 18,Vickers VIKING VE-HE 18,Vickers / VIKING VE-HE / 18,MASTER_PROMPT model map; passport required,catalog,draft,noindex,/catalog/vickers/viking-ve-he/18/,2026-08-20,28
/catalog/vickers/viking-ve-he/24/,product,Проверка и подбор варианта 24,Vickers VIKING VE-HE 24,Vickers / VIKING VE-HE / 24,MASTER_PROMPT model map; passport required,catalog,draft,noindex,/catalog/vickers/viking-ve-he/24/,2026-08-20,28
/vrv-vrf/,vrf-hub,Объяснение и вход в проектирование VRV/VRF,VRV VRF системы,VRV/VRF,MASTER_PROMPT section 7.6; manufacturer manuals required,engineering,review,noindex,/vrv-vrf/,2026-08-20,58
/vrv-vrf/types/heat-pump/,vrf-type,Разбор типа VRV/VRF: heat-pump,VRF heat-pump,heat-pump,official manuals required,engineering,draft,noindex,/vrv-vrf/types/heat-pump/,2026-08-20,20
/vrv-vrf/types/heat-recovery/,vrf-type,Разбор типа VRV/VRF: heat-recovery,VRF heat-recovery,heat-recovery,official manuals required,engineering,draft,noindex,/vrv-vrf/types/heat-recovery/,2026-08-20,20
/vrv-vrf/types/two-pipe/,vrf-type,Разбор типа VRV/VRF: two-pipe,VRF two-pipe,two-pipe,official manuals required,engineering,draft,noindex,/vrv-vrf/types/two-pipe/,2026-08-20,20
/vrv-vrf/types/three-pipe/,vrf-type,Разбор типа VRV/VRF: three-pipe,VRF three-pipe,three-pipe,official manuals required,engineering,draft,noindex,/vrv-vrf/types/three-pipe/,2026-08-20,20
/vrv-vrf/types/air-cooled/,vrf-type,Разбор типа VRV/VRF: air-cooled,VRF air-cooled,air-cooled,official manuals required,engineering,draft,noindex,/vrv-vrf/types/air-cooled/,2026-08-20,20
/vrv-vrf/types/water-cooled/,vrf-type,Разбор типа VRV/VRF: water-cooled,VRF water-cooled,water-cooled,official manuals required,engineering,draft,noindex,/vrv-vrf/types/water-cooled/,2026-08-20,20
/vrv-vrf/types/mini-vrf/,vrf-type,Разбор типа VRV/VRF: mini-vrf,VRF mini-vrf,mini-vrf,official manuals required,engineering,draft,noindex,/vrv-vrf/types/mini-vrf/,2026-08-20,20
/vrv-vrf/types/modular-vrf/,vrf-type,Разбор типа VRV/VRF: modular-vrf,VRF modular-vrf,modular-vrf,official manuals required,engineering,draft,noindex,/vrv-vrf/types/modular-vrf/,2026-08-20,20
/vrv-vrf/types/low-temperature/,vrf-type,Разбор типа VRV/VRF: low-temperature,VRF low-temperature,low-temperature,official manuals required,engineering,draft,noindex,/vrv-vrf/types/low-temperature/,2026-08-20,20
/vrv-vrf/types/high-ambient/,vrf-type,Разбор типа VRV/VRF: high-ambient,VRF high-ambient,high-ambient,official manuals required,engineering,draft,noindex,/vrv-vrf/types/high-ambient/,2026-08-20,20
/vrv-vrf/types/simultaneous-operation/,vrf-type,Разбор типа VRV/VRF: simultaneous-operation,VRF simultaneous-operation,simultaneous-operation,official manuals required,engineering,draft,noindex,/vrv-vrf/types/simultaneous-operation/,2026-08-20,20
/vrv-vrf/types/hybrid-vrf/,vrf-type,Разбор типа VRV/VRF: hybrid-vrf,VRF hybrid-vrf,hybrid-vrf,official manuals required,engineering,draft,noindex,/vrv-vrf/types/hybrid-vrf/,2026-08-20,20
/vrv-vrf/components/outdoor-units/,vrf-component,Назначение компонента outdoor-units,компонент VRF outdoor-units,outdoor-units,official manuals required,engineering,draft,noindex,/vrv-vrf/components/outdoor-units/,2026-08-20,20
/vrv-vrf/components/wall-indoor-units/,vrf-component,Назначение компонента wall-indoor-units,компонент VRF wall-indoor-units,wall-indoor-units,official manuals required,engineering,draft,noindex,/vrv-vrf/components/wall-indoor-units/,2026-08-20,20
/vrv-vrf/components/cassette-indoor-units/,vrf-component,Назначение компонента cassette-indoor-units,компонент VRF cassette-indoor-units,cassette-indoor-units,official manuals required,engineering,draft,noindex,/vrv-vrf/components/cassette-indoor-units/,2026-08-20,20
/vrv-vrf/components/duct-indoor-units/,vrf-component,Назначение компонента duct-indoor-units,компонент VRF duct-indoor-units,duct-indoor-units,official manuals required,engineering,draft,noindex,/vrv-vrf/components/duct-indoor-units/,2026-08-20,20
/vrv-vrf/components/floor-ceiling-units/,vrf-component,Назначение компонента floor-ceiling-units,компонент VRF floor-ceiling-units,floor-ceiling-units,official manuals required,engineering,draft,noindex,/vrv-vrf/components/floor-ceiling-units/,2026-08-20,20
/vrv-vrf/components/fresh-air-units/,vrf-component,Назначение компонента fresh-air-units,компонент VRF fresh-air-units,fresh-air-units,official manuals required,engineering,draft,noindex,/vrv-vrf/components/fresh-air-units/,2026-08-20,20
/vrv-vrf/components/hydroboxes/,vrf-component,Назначение компонента hydroboxes,компонент VRF hydroboxes,hydroboxes,official manuals required,engineering,draft,noindex,/vrv-vrf/components/hydroboxes/,2026-08-20,20
/vrv-vrf/components/branch-selectors/,vrf-component,Назначение компонента branch-selectors,компонент VRF branch-selectors,branch-selectors,official manuals required,engineering,draft,noindex,/vrv-vrf/components/branch-selectors/,2026-08-20,20
/vrv-vrf/components/refnets/,vrf-component,Назначение компонента refnets,компонент VRF refnets,refnets,official manuals required,engineering,draft,noindex,/vrv-vrf/components/refnets/,2026-08-20,20
/vrv-vrf/components/copper-pipes/,vrf-component,Назначение компонента copper-pipes,компонент VRF copper-pipes,copper-pipes,official manuals required,engineering,draft,noindex,/vrv-vrf/components/copper-pipes/,2026-08-20,20
/vrv-vrf/components/thermal-insulation/,vrf-component,Назначение компонента thermal-insulation,компонент VRF thermal-insulation,thermal-insulation,official manuals required,engineering,draft,noindex,/vrv-vrf/components/thermal-insulation/,2026-08-20,20
/vrv-vrf/components/drainage/,vrf-component,Назначение компонента drainage,компонент VRF drainage,drainage,official manuals required,engineering,draft,noindex,/vrv-vrf/components/drainage/,2026-08-20,20
/vrv-vrf/components/condensate-pumps/,vrf-component,Назначение компонента condensate-pumps,компонент VRF condensate-pumps,condensate-pumps,official manuals required,engineering,draft,noindex,/vrv-vrf/components/condensate-pumps/,2026-08-20,20
/vrv-vrf/components/wired-controllers/,vrf-component,Назначение компонента wired-controllers,компонент VRF wired-controllers,wired-controllers,official manuals required,engineering,draft,noindex,/vrv-vrf/components/wired-controllers/,2026-08-20,20
/vrv-vrf/components/wireless-controllers/,vrf-component,Назначение компонента wireless-controllers,компонент VRF wireless-controllers,wireless-controllers,official manuals required,engineering,draft,noindex,/vrv-vrf/components/wireless-controllers/,2026-08-20,20
/vrv-vrf/components/central-controllers/,vrf-component,Назначение компонента central-controllers,компонент VRF central-controllers,central-controllers,official manuals required,engineering,draft,noindex,/vrv-vrf/components/central-controllers/,2026-08-20,20
/vrv-vrf/components/gateways/,vrf-component,Назначение компонента gateways,компонент VRF gateways,gateways,official manuals required,engineering,draft,noindex,/vrv-vrf/components/gateways/,2026-08-20,20
/vrv-vrf/components/bms-modbus/,vrf-component,Назначение компонента bms-modbus,компонент VRF bms-modbus,bms-modbus,official manuals required,engineering,draft,noindex,/vrv-vrf/components/bms-modbus/,2026-08-20,20
/vrv-vrf/components/bms-bacnet/,vrf-component,Назначение компонента bms-bacnet,компонент VRF bms-bacnet,bms-bacnet,official manuals required,engineering,draft,noindex,/vrv-vrf/components/bms-bacnet/,2026-08-20,20
/vrv-vrf/components/power-metering/,vrf-component,Назначение компонента power-metering,компонент VRF power-metering,power-metering,official manuals required,engineering,draft,noindex,/vrv-vrf/components/power-metering/,2026-08-20,20
/vrv-vrf/components/refrigerant/,vrf-component,Назначение компонента refrigerant,компонент VRF refrigerant,refrigerant,official manuals required,engineering,draft,noindex,/vrv-vrf/components/refrigerant/,2026-08-20,20
/vrv-vrf/components/oil-management/,vrf-component,Назначение компонента oil-management,компонент VRF oil-management,oil-management,official manuals required,engineering,draft,noindex,/vrv-vrf/components/oil-management/,2026-08-20,20
/vrv-vrf/components/service-tools/,vrf-component,Назначение компонента service-tools,компонент VRF service-tools,service-tools,official manuals required,engineering,draft,noindex,/vrv-vrf/components/service-tools/,2026-08-20,20
/vrv-vrf/components/safety-components/,vrf-component,Назначение компонента safety-components,компонент VRF safety-components,safety-components,official manuals required,engineering,draft,noindex,/vrv-vrf/components/safety-components/,2026-08-20,20
/vrv-vrf/engineering/site-survey/,engineering-guide,Инженерный узел: site-survey,проектирование VRF site-survey,site-survey,official manuals and project inputs required,engineering,draft,noindex,/vrv-vrf/engineering/site-survey/,2026-08-20,20
/vrv-vrf/engineering/heat-gain-calculation/,engineering-guide,Инженерный узел: heat-gain-calculation,проектирование VRF heat-gain-calculation,heat-gain-calculation,official manuals and project inputs required,engineering,draft,noindex,/vrv-vrf/engineering/heat-gain-calculation/,2026-08-20,20
/vrv-vrf/engineering/zoning/,engineering-guide,Инженерный узел: zoning,проектирование VRF zoning,zoning,official manuals and project inputs required,engineering,draft,noindex,/vrv-vrf/engineering/zoning/,2026-08-20,20
/vrv-vrf/engineering/simultaneity-factor/,engineering-guide,Инженерный узел: simultaneity-factor,проектирование VRF simultaneity-factor,simultaneity-factor,official manuals and project inputs required,engineering,draft,noindex,/vrv-vrf/engineering/simultaneity-factor/,2026-08-20,20
/vrv-vrf/engineering/capacity-index/,engineering-guide,Инженерный узел: capacity-index,проектирование VRF capacity-index,capacity-index,official manuals and project inputs required,engineering,draft,noindex,/vrv-vrf/engineering/capacity-index/,2026-08-20,20
/vrv-vrf/engineering/pipe-sizing/,engineering-guide,Инженерный узел: pipe-sizing,проектирование VRF pipe-sizing,pipe-sizing,official manuals and project inputs required,engineering,draft,noindex,/vrv-vrf/engineering/pipe-sizing/,2026-08-20,20
/vrv-vrf/engineering/maximum-pipe-length/,engineering-guide,Инженерный узел: maximum-pipe-length,проектирование VRF maximum-pipe-length,maximum-pipe-length,official manuals and project inputs required,engineering,draft,noindex,/vrv-vrf/engineering/maximum-pipe-length/,2026-08-20,20
/vrv-vrf/engineering/height-difference/,engineering-guide,Инженерный узел: height-difference,проектирование VRF height-difference,height-difference,official manuals and project inputs required,engineering,draft,noindex,/vrv-vrf/engineering/height-difference/,2026-08-20,20
/vrv-vrf/engineering/refnet-selection/,engineering-guide,Инженерный узел: refnet-selection,проектирование VRF refnet-selection,refnet-selection,official manuals and project inputs required,engineering,draft,noindex,/vrv-vrf/engineering/refnet-selection/,2026-08-20,20
/vrv-vrf/engineering/refrigerant-charge/,engineering-guide,Инженерный узел: refrigerant-charge,проектирование VRF refrigerant-charge,refrigerant-charge,official manuals and project inputs required,engineering,draft,noindex,/vrv-vrf/engineering/refrigerant-charge/,2026-08-20,20
/vrv-vrf/engineering/oil-return/,engineering-guide,Инженерный узел: oil-return,проектирование VRF oil-return,oil-return,official manuals and project inputs required,engineering,draft,noindex,/vrv-vrf/engineering/oil-return/,2026-08-20,20
/vrv-vrf/engineering/drainage-design/,engineering-guide,Инженерный узел: drainage-design,проектирование VRF drainage-design,drainage-design,official manuals and project inputs required,engineering,draft,noindex,/vrv-vrf/engineering/drainage-design/,2026-08-20,20
/vrv-vrf/engineering/fresh-air-integration/,engineering-guide,Инженерный узел: fresh-air-integration,проектирование VRF fresh-air-integration,fresh-air-integration,official manuals and project inputs required,engineering,draft,noindex,/vrv-vrf/engineering/fresh-air-integration/,2026-08-20,20
/vrv-vrf/engineering/electrical-loads/,engineering-guide,Инженерный узел: electrical-loads,проектирование VRF electrical-loads,electrical-loads,official manuals and project inputs required,engineering,draft,noindex,/vrv-vrf/engineering/electrical-loads/,2026-08-20,20
/vrv-vrf/engineering/single-line-diagram/,engineering-guide,Инженерный узел: single-line-diagram,проектирование VRF single-line-diagram,single-line-diagram,official manuals and project inputs required,engineering,draft,noindex,/vrv-vrf/engineering/single-line-diagram/,2026-08-20,20
/vrv-vrf/engineering/control-cabling/,engineering-guide,Инженерный узел: control-cabling,проектирование VRF control-cabling,control-cabling,official manuals and project inputs required,engineering,draft,noindex,/vrv-vrf/engineering/control-cabling/,2026-08-20,20
/vrv-vrf/engineering/central-control/,engineering-guide,Инженерный узел: central-control,проектирование VRF central-control,central-control,official manuals and project inputs required,engineering,draft,noindex,/vrv-vrf/engineering/central-control/,2026-08-20,20
/vrv-vrf/engineering/bms-integration/,engineering-guide,Инженерный узел: bms-integration,проектирование VRF bms-integration,bms-integration,official manuals and project inputs required,engineering,draft,noindex,/vrv-vrf/engineering/bms-integration/,2026-08-20,20
/vrv-vrf/engineering/noise-assessment/,engineering-guide,Инженерный узел: noise-assessment,проектирование VRF noise-assessment,noise-assessment,official manuals and project inputs required,engineering,draft,noindex,/vrv-vrf/engineering/noise-assessment/,2026-08-20,20
/vrv-vrf/engineering/vibration-isolation/,engineering-guide,Инженерный узел: vibration-isolation,проектирование VRF vibration-isolation,vibration-isolation,official manuals and project inputs required,engineering,draft,noindex,/vrv-vrf/engineering/vibration-isolation/,2026-08-20,20
/vrv-vrf/engineering/facade-restrictions/,engineering-guide,Инженерный узел: facade-restrictions,проектирование VRF facade-restrictions,facade-restrictions,official manuals and project inputs required,engineering,draft,noindex,/vrv-vrf/engineering/facade-restrictions/,2026-08-20,20
/vrv-vrf/engineering/roof-placement/,engineering-guide,Инженерный узел: roof-placement,проектирование VRF roof-placement,roof-placement,official manuals and project inputs required,engineering,draft,noindex,/vrv-vrf/engineering/roof-placement/,2026-08-20,20
/vrv-vrf/engineering/service-access/,engineering-guide,Инженерный узел: service-access,проектирование VRF service-access,service-access,official manuals and project inputs required,engineering,draft,noindex,/vrv-vrf/engineering/service-access/,2026-08-20,20
/vrv-vrf/engineering/pressure-testing/,engineering-guide,Инженерный узел: pressure-testing,проектирование VRF pressure-testing,pressure-testing,official manuals and project inputs required,engineering,draft,noindex,/vrv-vrf/engineering/pressure-testing/,2026-08-20,20
/vrv-vrf/engineering/vacuuming/,engineering-guide,Инженерный узел: vacuuming,проектирование VRF vacuuming,vacuuming,official manuals and project inputs required,engineering,draft,noindex,/vrv-vrf/engineering/vacuuming/,2026-08-20,20
/vrv-vrf/engineering/additional-charge/,engineering-guide,Инженерный узел: additional-charge,проектирование VRF additional-charge,additional-charge,official manuals and project inputs required,engineering,draft,noindex,/vrv-vrf/engineering/additional-charge/,2026-08-20,20
/vrv-vrf/engineering/addressing/,engineering-guide,Инженерный узел: addressing,проектирование VRF addressing,addressing,official manuals and project inputs required,engineering,draft,noindex,/vrv-vrf/engineering/addressing/,2026-08-20,20
/vrv-vrf/engineering/commissioning/,engineering-guide,Инженерный узел: commissioning,проектирование VRF commissioning,commissioning,official manuals and project inputs required,engineering,draft,noindex,/vrv-vrf/engineering/commissioning/,2026-08-20,20
/vrv-vrf/engineering/as-built-documentation/,engineering-guide,Инженерный узел: as-built-documentation,проектирование VRF as-built-documentation,as-built-documentation,official manuals and project inputs required,engineering,draft,noindex,/vrv-vrf/engineering/as-built-documentation/,2026-08-20,20
/vrv-vrf/engineering/maintenance-plan/,engineering-guide,Инженерный узел: maintenance-plan,проектирование VRF maintenance-plan,maintenance-plan,official manuals and project inputs required,engineering,draft,noindex,/vrv-vrf/engineering/maintenance-plan/,2026-08-20,20
/services/ac-selection/,service,Коммерческий запрос на услугу ac-selection,услуга ac-selection,ac-selection,business terms and qualification required,commercial,draft,noindex,/services/ac-selection/,2026-08-20,20
/services/site-survey/,service,Коммерческий запрос на услугу site-survey,услуга site-survey,site-survey,business terms and qualification required,commercial,draft,noindex,/services/site-survey/,2026-08-20,20
/services/split-installation/,service,Коммерческий запрос на услугу split-installation,услуга split-installation,split-installation,business terms and qualification required,commercial,draft,noindex,/services/split-installation/,2026-08-20,20
/services/multi-split-design/,service,Коммерческий запрос на услугу multi-split-design,услуга multi-split-design,multi-split-design,business terms and qualification required,commercial,draft,noindex,/services/multi-split-design/,2026-08-20,20
/services/multi-split-installation/,service,Коммерческий запрос на услугу multi-split-installation,услуга multi-split-installation,multi-split-installation,business terms and qualification required,commercial,draft,noindex,/services/multi-split-installation/,2026-08-20,20
/services/vrf-design/,service,Коммерческий запрос на услугу vrf-design,услуга vrf-design,vrf-design,business terms and qualification required,commercial,draft,noindex,/services/vrf-design/,2026-08-20,20
/services/vrf-installation/,service,Коммерческий запрос на услугу vrf-installation,услуга vrf-installation,vrf-installation,business terms and qualification required,commercial,draft,noindex,/services/vrf-installation/,2026-08-20,20
/services/ventilation-design/,service,Коммерческий запрос на услугу ventilation-design,услуга ventilation-design,ventilation-design,business terms and qualification required,commercial,draft,noindex,/services/ventilation-design/,2026-08-20,20
/services/ventilation-installation/,service,Коммерческий запрос на услугу ventilation-installation,услуга ventilation-installation,ventilation-installation,business terms and qualification required,commercial,draft,noindex,/services/ventilation-installation/,2026-08-20,20
/services/commissioning/,service,Коммерческий запрос на услугу commissioning,услуга commissioning,commissioning,business terms and qualification required,commercial,draft,noindex,/services/commissioning/,2026-08-20,20
/services/pressure-testing/,service,Коммерческий запрос на услугу pressure-testing,услуга pressure-testing,pressure-testing,business terms and qualification required,commercial,draft,noindex,/services/pressure-testing/,2026-08-20,20
/services/vacuuming/,service,Коммерческий запрос на услугу vacuuming,услуга vacuuming,vacuuming,business terms and qualification required,commercial,draft,noindex,/services/vacuuming/,2026-08-20,20
/services/maintenance/,service,Коммерческий запрос на услугу maintenance,услуга maintenance,maintenance,business terms and qualification required,commercial,draft,noindex,/services/maintenance/,2026-08-20,20
/services/diagnostics/,service,Коммерческий запрос на услугу diagnostics,услуга diagnostics,diagnostics,business terms and qualification required,commercial,draft,noindex,/services/diagnostics/,2026-08-20,20
/services/repair/,service,Коммерческий запрос на услугу repair,услуга repair,repair,business terms and qualification required,commercial,draft,noindex,/services/repair/,2026-08-20,20
/services/filter-service/,service,Коммерческий запрос на услугу filter-service,услуга filter-service,filter-service,business terms and qualification required,commercial,draft,noindex,/services/filter-service/,2026-08-20,20
/services/seasonal-startup/,service,Коммерческий запрос на услугу seasonal-startup,услуга seasonal-startup,seasonal-startup,business terms and qualification required,commercial,draft,noindex,/services/seasonal-startup/,2026-08-20,20
/services/equipment-audit/,service,Коммерческий запрос на услугу equipment-audit,услуга equipment-audit,equipment-audit,business terms and qualification required,commercial,draft,noindex,/services/equipment-audit/,2026-08-20,20
/services/bms-integration/,service,Коммерческий запрос на услугу bms-integration,услуга bms-integration,bms-integration,business terms and qualification required,commercial,draft,noindex,/services/bms-integration/,2026-08-20,20
/services/technical-supervision/,service,Коммерческий запрос на услугу technical-supervision,услуга technical-supervision,technical-supervision,business terms and qualification required,commercial,draft,noindex,/services/technical-supervision/,2026-08-20,20
/solutions/apartment/,solution,Инженерный сценарий для объекта apartment,кондиционирование apartment,apartment,project scenario and real cases required,engineering-content,draft,noindex,/solutions/apartment/,2026-08-20,20
/solutions/studio-apartment/,solution,Инженерный сценарий для объекта studio-apartment,кондиционирование studio-apartment,studio-apartment,project scenario and real cases required,engineering-content,draft,noindex,/solutions/studio-apartment/,2026-08-20,20
/solutions/multi-room-apartment/,solution,Инженерный сценарий для объекта multi-room-apartment,кондиционирование multi-room-apartment,multi-room-apartment,project scenario and real cases required,engineering-content,draft,noindex,/solutions/multi-room-apartment/,2026-08-20,20
/solutions/penthouse/,solution,Инженерный сценарий для объекта penthouse,кондиционирование penthouse,penthouse,project scenario and real cases required,engineering-content,draft,noindex,/solutions/penthouse/,2026-08-20,20
/solutions/country-house/,solution,Инженерный сценарий для объекта country-house,кондиционирование country-house,country-house,project scenario and real cases required,engineering-content,draft,noindex,/solutions/country-house/,2026-08-20,20
/solutions/townhouse/,solution,Инженерный сценарий для объекта townhouse,кондиционирование townhouse,townhouse,project scenario and real cases required,engineering-content,draft,noindex,/solutions/townhouse/,2026-08-20,20
/solutions/cottage/,solution,Инженерный сценарий для объекта cottage,кондиционирование cottage,cottage,project scenario and real cases required,engineering-content,draft,noindex,/solutions/cottage/,2026-08-20,20
/solutions/office/,solution,Инженерный сценарий для объекта office,кондиционирование office,office,project scenario and real cases required,engineering-content,draft,noindex,/solutions/office/,2026-08-20,20
/solutions/open-space/,solution,Инженерный сценарий для объекта open-space,кондиционирование open-space,open-space,project scenario and real cases required,engineering-content,draft,noindex,/solutions/open-space/,2026-08-20,20
/solutions/executive-office/,solution,Инженерный сценарий для объекта executive-office,кондиционирование executive-office,executive-office,project scenario and real cases required,engineering-content,draft,noindex,/solutions/executive-office/,2026-08-20,20
/solutions/meeting-room/,solution,Инженерный сценарий для объекта meeting-room,кондиционирование meeting-room,meeting-room,project scenario and real cases required,engineering-content,draft,noindex,/solutions/meeting-room/,2026-08-20,20
/solutions/server-room/,solution,Инженерный сценарий для объекта server-room,кондиционирование server-room,server-room,project scenario and real cases required,engineering-content,draft,noindex,/solutions/server-room/,2026-08-20,20
/solutions/data-center/,solution,Инженерный сценарий для объекта data-center,кондиционирование data-center,data-center,project scenario and real cases required,engineering-content,draft,noindex,/solutions/data-center/,2026-08-20,20
/solutions/retail-store/,solution,Инженерный сценарий для объекта retail-store,кондиционирование retail-store,retail-store,project scenario and real cases required,engineering-content,draft,noindex,/solutions/retail-store/,2026-08-20,20
/solutions/shopping-center/,solution,Инженерный сценарий для объекта shopping-center,кондиционирование shopping-center,shopping-center,project scenario and real cases required,engineering-content,draft,noindex,/solutions/shopping-center/,2026-08-20,20
/solutions/supermarket/,solution,Инженерный сценарий для объекта supermarket,кондиционирование supermarket,supermarket,project scenario and real cases required,engineering-content,draft,noindex,/solutions/supermarket/,2026-08-20,20
/solutions/pharmacy/,solution,Инженерный сценарий для объекта pharmacy,кондиционирование pharmacy,pharmacy,project scenario and real cases required,engineering-content,draft,noindex,/solutions/pharmacy/,2026-08-20,20
/solutions/restaurant/,solution,Инженерный сценарий для объекта restaurant,кондиционирование restaurant,restaurant,project scenario and real cases required,engineering-content,draft,noindex,/solutions/restaurant/,2026-08-20,20
/solutions/cafe/,solution,Инженерный сценарий для объекта cafe,кондиционирование cafe,cafe,project scenario and real cases required,engineering-content,draft,noindex,/solutions/cafe/,2026-08-20,20
/solutions/coffee-shop/,solution,Инженерный сценарий для объекта coffee-shop,кондиционирование coffee-shop,coffee-shop,project scenario and real cases required,engineering-content,draft,noindex,/solutions/coffee-shop/,2026-08-20,20
/solutions/commercial-kitchen/,solution,Инженерный сценарий для объекта commercial-kitchen,кондиционирование commercial-kitchen,commercial-kitchen,project scenario and real cases required,engineering-content,draft,noindex,/solutions/commercial-kitchen/,2026-08-20,20
/solutions/bakery/,solution,Инженерный сценарий для объекта bakery,кондиционирование bakery,bakery,project scenario and real cases required,engineering-content,draft,noindex,/solutions/bakery/,2026-08-20,20
/solutions/hotel/,solution,Инженерный сценарий для объекта hotel,кондиционирование hotel,hotel,project scenario and real cases required,engineering-content,draft,noindex,/solutions/hotel/,2026-08-20,20
/solutions/mini-hotel/,solution,Инженерный сценарий для объекта mini-hotel,кондиционирование mini-hotel,mini-hotel,project scenario and real cases required,engineering-content,draft,noindex,/solutions/mini-hotel/,2026-08-20,20
/solutions/hostel/,solution,Инженерный сценарий для объекта hostel,кондиционирование hostel,hostel,project scenario and real cases required,engineering-content,draft,noindex,/solutions/hostel/,2026-08-20,20
/solutions/fitness-club/,solution,Инженерный сценарий для объекта fitness-club,кондиционирование fitness-club,fitness-club,project scenario and real cases required,engineering-content,draft,noindex,/solutions/fitness-club/,2026-08-20,20
/solutions/gym/,solution,Инженерный сценарий для объекта gym,кондиционирование gym,gym,project scenario and real cases required,engineering-content,draft,noindex,/solutions/gym/,2026-08-20,20
/solutions/yoga-studio/,solution,Инженерный сценарий для объекта yoga-studio,кондиционирование yoga-studio,yoga-studio,project scenario and real cases required,engineering-content,draft,noindex,/solutions/yoga-studio/,2026-08-20,20
/solutions/beauty-salon/,solution,Инженерный сценарий для объекта beauty-salon,кондиционирование beauty-salon,beauty-salon,project scenario and real cases required,engineering-content,draft,noindex,/solutions/beauty-salon/,2026-08-20,20
/solutions/barbershop/,solution,Инженерный сценарий для объекта barbershop,кондиционирование barbershop,barbershop,project scenario and real cases required,engineering-content,draft,noindex,/solutions/barbershop/,2026-08-20,20
/solutions/medical-clinic/,solution,Инженерный сценарий для объекта medical-clinic,кондиционирование medical-clinic,medical-clinic,project scenario and real cases required,engineering-content,draft,noindex,/solutions/medical-clinic/,2026-08-20,20
/solutions/dental-clinic/,solution,Инженерный сценарий для объекта dental-clinic,кондиционирование dental-clinic,dental-clinic,project scenario and real cases required,engineering-content,draft,noindex,/solutions/dental-clinic/,2026-08-20,20
/solutions/laboratory/,solution,Инженерный сценарий для объекта laboratory,кондиционирование laboratory,laboratory,project scenario and real cases required,engineering-content,draft,noindex,/solutions/laboratory/,2026-08-20,20
/solutions/school/,solution,Инженерный сценарий для объекта school,кондиционирование school,school,project scenario and real cases required,engineering-content,draft,noindex,/solutions/school/,2026-08-20,20
/solutions/kindergarten/,solution,Инженерный сценарий для объекта kindergarten,кондиционирование kindergarten,kindergarten,project scenario and real cases required,engineering-content,draft,noindex,/solutions/kindergarten/,2026-08-20,20
/solutions/university/,solution,Инженерный сценарий для объекта university,кондиционирование university,university,project scenario and real cases required,engineering-content,draft,noindex,/solutions/university/,2026-08-20,20
/solutions/warehouse/,solution,Инженерный сценарий для объекта warehouse,кондиционирование warehouse,warehouse,project scenario and real cases required,engineering-content,draft,noindex,/solutions/warehouse/,2026-08-20,20
/solutions/cold-warehouse/,solution,Инженерный сценарий для объекта cold-warehouse,кондиционирование cold-warehouse,cold-warehouse,project scenario and real cases required,engineering-content,draft,noindex,/solutions/cold-warehouse/,2026-08-20,20
/solutions/distribution-center/,solution,Инженерный сценарий для объекта distribution-center,кондиционирование distribution-center,distribution-center,project scenario and real cases required,engineering-content,draft,noindex,/solutions/distribution-center/,2026-08-20,20
/solutions/workshop/,solution,Инженерный сценарий для объекта workshop,кондиционирование workshop,workshop,project scenario and real cases required,engineering-content,draft,noindex,/solutions/workshop/,2026-08-20,20
/solutions/production/,solution,Инженерный сценарий для объекта production,кондиционирование production,production,project scenario and real cases required,engineering-content,draft,noindex,/solutions/production/,2026-08-20,20
/solutions/food-production/,solution,Инженерный сценарий для объекта food-production,кондиционирование food-production,food-production,project scenario and real cases required,engineering-content,draft,noindex,/solutions/food-production/,2026-08-20,20
/solutions/printing-house/,solution,Инженерный сценарий для объекта printing-house,кондиционирование printing-house,printing-house,project scenario and real cases required,engineering-content,draft,noindex,/solutions/printing-house/,2026-08-20,20
/solutions/auto-service/,solution,Инженерный сценарий для объекта auto-service,кондиционирование auto-service,auto-service,project scenario and real cases required,engineering-content,draft,noindex,/solutions/auto-service/,2026-08-20,20
/solutions/showroom/,solution,Инженерный сценарий для объекта showroom,кондиционирование showroom,showroom,project scenario and real cases required,engineering-content,draft,noindex,/solutions/showroom/,2026-08-20,20
/solutions/museum/,solution,Инженерный сценарий для объекта museum,кондиционирование museum,museum,project scenario and real cases required,engineering-content,draft,noindex,/solutions/museum/,2026-08-20,20
/solutions/gallery/,solution,Инженерный сценарий для объекта gallery,кондиционирование gallery,gallery,project scenario and real cases required,engineering-content,draft,noindex,/solutions/gallery/,2026-08-20,20
/solutions/cinema/,solution,Инженерный сценарий для объекта cinema,кондиционирование cinema,cinema,project scenario and real cases required,engineering-content,draft,noindex,/solutions/cinema/,2026-08-20,20
/solutions/theater/,solution,Инженерный сценарий для объекта theater,кондиционирование theater,theater,project scenario and real cases required,engineering-content,draft,noindex,/solutions/theater/,2026-08-20,20
/solutions/bank-branch/,solution,Инженерный сценарий для объекта bank-branch,кондиционирование bank-branch,bank-branch,project scenario and real cases required,engineering-content,draft,noindex,/solutions/bank-branch/,2026-08-20,20
/solutions/coworking/,solution,Инженерный сценарий для объекта coworking,кондиционирование coworking,coworking,project scenario and real cases required,engineering-content,draft,noindex,/solutions/coworking/,2026-08-20,20
/solutions/call-center/,solution,Инженерный сценарий для объекта call-center,кондиционирование call-center,call-center,project scenario and real cases required,engineering-content,draft,noindex,/solutions/call-center/,2026-08-20,20
/solutions/greenhouse/,solution,Инженерный сценарий для объекта greenhouse,кондиционирование greenhouse,greenhouse,project scenario and real cases required,engineering-content,draft,noindex,/solutions/greenhouse/,2026-08-20,20
/solutions/winery/,solution,Инженерный сценарий для объекта winery,кондиционирование winery,winery,project scenario and real cases required,engineering-content,draft,noindex,/solutions/winery/,2026-08-20,20
/solutions/laundry/,solution,Инженерный сценарий для объекта laundry,кондиционирование laundry,laundry,project scenario and real cases required,engineering-content,draft,noindex,/solutions/laundry/,2026-08-20,20
/solutions/animal-clinic/,solution,Инженерный сценарий для объекта animal-clinic,кондиционирование animal-clinic,animal-clinic,project scenario and real cases required,engineering-content,draft,noindex,/solutions/animal-clinic/,2026-08-20,20
/solutions/church/,solution,Инженерный сценарий для объекта church,кондиционирование church,church,project scenario and real cases required,engineering-content,draft,noindex,/solutions/church/,2026-08-20,20
/solutions/sports-hall/,solution,Инженерный сценарий для объекта sports-hall,кондиционирование sports-hall,sports-hall,project scenario and real cases required,engineering-content,draft,noindex,/solutions/sports-hall/,2026-08-20,20
/solutions/swimming-pool/,solution,Инженерный сценарий для объекта swimming-pool,кондиционирование swimming-pool,swimming-pool,project scenario and real cases required,engineering-content,draft,noindex,/solutions/swimming-pool/,2026-08-20,20
/solutions/logistics-terminal/,solution,Инженерный сценарий для объекта logistics-terminal,кондиционирование logistics-terminal,logistics-terminal,project scenario and real cases required,engineering-content,draft,noindex,/solutions/logistics-terminal/,2026-08-20,20
/collections/for-15-m2/,collection,Предварительный подбор для площади 15 м²,кондиционер на 15 м2,15 m2,verified product data required,catalog,draft,noindex,/collections/for-15-m2/,2026-08-20,20
/collections/for-20-m2/,collection,Предварительный подбор для площади 20 м²,кондиционер на 20 м2,20 m2,verified product data required,catalog,draft,noindex,/collections/for-20-m2/,2026-08-20,20
/collections/for-25-m2/,collection,Предварительный подбор для площади 25 м²,кондиционер на 25 м2,25 m2,verified product data required,catalog,draft,noindex,/collections/for-25-m2/,2026-08-20,20
/collections/for-30-m2/,collection,Предварительный подбор для площади 30 м²,кондиционер на 30 м2,30 m2,verified product data required,catalog,draft,noindex,/collections/for-30-m2/,2026-08-20,20
/collections/for-35-m2/,collection,Предварительный подбор для площади 35 м²,кондиционер на 35 м2,35 m2,verified product data required,catalog,draft,noindex,/collections/for-35-m2/,2026-08-20,20
/collections/for-40-m2/,collection,Предварительный подбор для площади 40 м²,кондиционер на 40 м2,40 m2,verified product data required,catalog,draft,noindex,/collections/for-40-m2/,2026-08-20,20
/collections/for-50-m2/,collection,Предварительный подбор для площади 50 м²,кондиционер на 50 м2,50 m2,verified product data required,catalog,draft,noindex,/collections/for-50-m2/,2026-08-20,20
/collections/for-60-m2/,collection,Предварительный подбор для площади 60 м²,кондиционер на 60 м2,60 m2,verified product data required,catalog,draft,noindex,/collections/for-60-m2/,2026-08-20,20
/collections/for-70-m2/,collection,Предварительный подбор для площади 70 м²,кондиционер на 70 м2,70 m2,verified product data required,catalog,draft,noindex,/collections/for-70-m2/,2026-08-20,20
/collections/for-80-m2/,collection,Предварительный подбор для площади 80 м²,кондиционер на 80 м2,80 m2,verified product data required,catalog,draft,noindex,/collections/for-80-m2/,2026-08-20,20
/collections/for-100-m2/,collection,Предварительный подбор для площади 100 м²,кондиционер на 100 м2,100 m2,verified product data required,catalog,draft,noindex,/collections/for-100-m2/,2026-08-20,20
/collections/for-120-m2/,collection,Предварительный подбор для площади 120 м²,кондиционер на 120 м2,120 m2,verified product data required,catalog,draft,noindex,/collections/for-120-m2/,2026-08-20,20
/collections/for-150-m2/,collection,Предварительный подбор для площади 150 м²,кондиционер на 150 м2,150 m2,verified product data required,catalog,draft,noindex,/collections/for-150-m2/,2026-08-20,20
/collections/for-200-m2/,collection,Предварительный подбор для площади 200 м²,кондиционер на 200 м2,200 m2,verified product data required,catalog,draft,noindex,/collections/for-200-m2/,2026-08-20,20
/collections/for-250-m2/,collection,Предварительный подбор для площади 250 м²,кондиционер на 250 м2,250 m2,verified product data required,catalog,draft,noindex,/collections/for-250-m2/,2026-08-20,20
/collections/for-300-m2/,collection,Предварительный подбор для площади 300 м²,кондиционер на 300 м2,300 m2,verified product data required,catalog,draft,noindex,/collections/for-300-m2/,2026-08-20,20
/collections/for-400-m2/,collection,Предварительный подбор для площади 400 м²,кондиционер на 400 м2,400 m2,verified product data required,catalog,draft,noindex,/collections/for-400-m2/,2026-08-20,20
/collections/for-500-m2/,collection,Предварительный подбор для площади 500 м²,кондиционер на 500 м2,500 m2,verified product data required,catalog,draft,noindex,/collections/for-500-m2/,2026-08-20,20
/collections/for-750-m2/,collection,Предварительный подбор для площади 750 м²,кондиционер на 750 м2,750 m2,verified product data required,catalog,draft,noindex,/collections/for-750-m2/,2026-08-20,20
/collections/for-1000-m2/,collection,Предварительный подбор для площади 1000 м²,кондиционер на 1000 м2,1000 m2,verified product data required,catalog,draft,noindex,/collections/for-1000-m2/,2026-08-20,20
/collections/quiet-bedroom/,collection,Подбор по задаче quiet-bedroom,кондиционер quiet-bedroom,quiet-bedroom,verified product fields required,catalog,draft,noindex,/collections/quiet-bedroom/,2026-08-20,20
/collections/childrens-room/,collection,Подбор по задаче childrens-room,кондиционер childrens-room,childrens-room,verified product fields required,catalog,draft,noindex,/collections/childrens-room/,2026-08-20,20
/collections/sunny-room/,collection,Подбор по задаче sunny-room,кондиционер sunny-room,sunny-room,verified product fields required,catalog,draft,noindex,/collections/sunny-room/,2026-08-20,20
/collections/panoramic-windows/,collection,Подбор по задаче panoramic-windows,кондиционер panoramic-windows,panoramic-windows,verified product fields required,catalog,draft,noindex,/collections/panoramic-windows/,2026-08-20,20
/collections/top-floor/,collection,Подбор по задаче top-floor,кондиционер top-floor,top-floor,verified product fields required,catalog,draft,noindex,/collections/top-floor/,2026-08-20,20
/collections/ground-floor/,collection,Подбор по задаче ground-floor,кондиционер ground-floor,ground-floor,verified product fields required,catalog,draft,noindex,/collections/ground-floor/,2026-08-20,20
/collections/several-rooms/,collection,Подбор по задаче several-rooms,кондиционер several-rooms,several-rooms,verified product fields required,catalog,draft,noindex,/collections/several-rooms/,2026-08-20,20
/collections/heating-in-winter/,collection,Подбор по задаче heating-in-winter,кондиционер heating-in-winter,heating-in-winter,verified product fields required,catalog,draft,noindex,/collections/heating-in-winter/,2026-08-20,20
/collections/summer-only/,collection,Подбор по задаче summer-only,кондиционер summer-only,summer-only,verified product fields required,catalog,draft,noindex,/collections/summer-only/,2026-08-20,20
/collections/year-round-operation/,collection,Подбор по задаче year-round-operation,кондиционер year-round-operation,year-round-operation,verified product fields required,catalog,draft,noindex,/collections/year-round-operation/,2026-08-20,20
/collections/wifi-control/,collection,Подбор по задаче wifi-control,кондиционер wifi-control,wifi-control,verified product fields required,catalog,draft,noindex,/collections/wifi-control/,2026-08-20,20
/collections/voice-control/,collection,Подбор по задаче voice-control,кондиционер voice-control,voice-control,verified product fields required,catalog,draft,noindex,/collections/voice-control/,2026-08-20,20
/collections/alice-compatible/,collection,Подбор по задаче alice-compatible,кондиционер alice-compatible,alice-compatible,verified product fields required,catalog,draft,noindex,/collections/alice-compatible/,2026-08-20,20
/collections/salut-compatible/,collection,Подбор по задаче salut-compatible,кондиционер salut-compatible,salut-compatible,verified product fields required,catalog,draft,noindex,/collections/salut-compatible/,2026-08-20,20
/collections/built-in-wifi/,collection,Подбор по задаче built-in-wifi,кондиционер built-in-wifi,built-in-wifi,verified product fields required,catalog,draft,noindex,/collections/built-in-wifi/,2026-08-20,20
/collections/optional-wifi/,collection,Подбор по задаче optional-wifi,кондиционер optional-wifi,optional-wifi,verified product fields required,catalog,draft,noindex,/collections/optional-wifi/,2026-08-20,20
/collections/energy-efficient/,collection,Подбор по задаче energy-efficient,кондиционер energy-efficient,energy-efficient,verified product fields required,catalog,draft,noindex,/collections/energy-efficient/,2026-08-20,20
/collections/compact-indoor-unit/,collection,Подбор по задаче compact-indoor-unit,кондиционер compact-indoor-unit,compact-indoor-unit,verified product fields required,catalog,draft,noindex,/collections/compact-indoor-unit/,2026-08-20,20
/collections/black-indoor-unit/,collection,Подбор по задаче black-indoor-unit,кондиционер black-indoor-unit,black-indoor-unit,verified product fields required,catalog,draft,noindex,/collections/black-indoor-unit/,2026-08-20,20
/collections/white-indoor-unit/,collection,Подбор по задаче white-indoor-unit,кондиционер white-indoor-unit,white-indoor-unit,verified product fields required,catalog,draft,noindex,/collections/white-indoor-unit/,2026-08-20,20
/collections/grey-indoor-unit/,collection,Подбор по задаче grey-indoor-unit,кондиционер grey-indoor-unit,grey-indoor-unit,verified product fields required,catalog,draft,noindex,/collections/grey-indoor-unit/,2026-08-20,20
/collections/gold-indoor-unit/,collection,Подбор по задаче gold-indoor-unit,кондиционер gold-indoor-unit,gold-indoor-unit,verified product fields required,catalog,draft,noindex,/collections/gold-indoor-unit/,2026-08-20,20
/collections/r32-refrigerant/,collection,Подбор по задаче r32-refrigerant,кондиционер r32-refrigerant,r32-refrigerant,verified product fields required,catalog,draft,noindex,/collections/r32-refrigerant/,2026-08-20,20
/collections/inverter/,collection,Подбор по задаче inverter,кондиционер inverter,inverter,verified product fields required,catalog,draft,noindex,/collections/inverter/,2026-08-20,20
/collections/on-off/,collection,Подбор по задаче on-off,кондиционер on-off,on-off,verified product fields required,catalog,draft,noindex,/collections/on-off/,2026-08-20,20
/collections/low-noise/,collection,Подбор по задаче low-noise,кондиционер low-noise,low-noise,verified product fields required,catalog,draft,noindex,/collections/low-noise/,2026-08-20,20
/collections/high-airflow/,collection,Подбор по задаче high-airflow,кондиционер high-airflow,high-airflow,verified product fields required,catalog,draft,noindex,/collections/high-airflow/,2026-08-20,20
/collections/wide-voltage-range/,collection,Подбор по задаче wide-voltage-range,кондиционер wide-voltage-range,wide-voltage-range,verified product fields required,catalog,draft,noindex,/collections/wide-voltage-range/,2026-08-20,20
/collections/self-clean/,collection,Подбор по задаче self-clean,кондиционер self-clean,self-clean,verified product fields required,catalog,draft,noindex,/collections/self-clean/,2026-08-20,20
/collections/air-purification/,collection,Подбор по задаче air-purification,кондиционер air-purification,air-purification,verified product fields required,catalog,draft,noindex,/collections/air-purification/,2026-08-20,20
/collections/dehumidification/,collection,Подбор по задаче dehumidification,кондиционер dehumidification,dehumidification,verified product fields required,catalog,draft,noindex,/collections/dehumidification/,2026-08-20,20
/collections/night-mode/,collection,Подбор по задаче night-mode,кондиционер night-mode,night-mode,verified product fields required,catalog,draft,noindex,/collections/night-mode/,2026-08-20,20
/collections/turbo-mode/,collection,Подбор по задаче turbo-mode,кондиционер turbo-mode,turbo-mode,verified product fields required,catalog,draft,noindex,/collections/turbo-mode/,2026-08-20,20
/collections/i-feel/,collection,Подбор по задаче i-feel,кондиционер i-feel,i-feel,verified product fields required,catalog,draft,noindex,/collections/i-feel/,2026-08-20,20
/collections/anti-corrosion-coating/,collection,Подбор по задаче anti-corrosion-coating,кондиционер anti-corrosion-coating,anti-corrosion-coating,verified product fields required,catalog,draft,noindex,/collections/anti-corrosion-coating/,2026-08-20,20
/collections/long-pipe-run/,collection,Подбор по задаче long-pipe-run,кондиционер long-pipe-run,long-pipe-run,verified product fields required,catalog,draft,noindex,/collections/long-pipe-run/,2026-08-20,20
/collections/large-height-difference/,collection,Подбор по задаче large-height-difference,кондиционер large-height-difference,large-height-difference,verified product fields required,catalog,draft,noindex,/collections/large-height-difference/,2026-08-20,20
/collections/small-balcony/,collection,Подбор по задаче small-balcony,кондиционер small-balcony,small-balcony,verified product fields required,catalog,draft,noindex,/collections/small-balcony/,2026-08-20,20
/collections/hidden-installation/,collection,Подбор по задаче hidden-installation,кондиционер hidden-installation,hidden-installation,verified product fields required,catalog,draft,noindex,/collections/hidden-installation/,2026-08-20,20
/collections/duct-system/,collection,Подбор по задаче duct-system,кондиционер duct-system,duct-system,verified product fields required,catalog,draft,noindex,/collections/duct-system/,2026-08-20,20
/collections/cassette-system/,collection,Подбор по задаче cassette-system,кондиционер cassette-system,cassette-system,verified product fields required,catalog,draft,noindex,/collections/cassette-system/,2026-08-20,20
/collections/wall-system/,collection,Подбор по задаче wall-system,кондиционер wall-system,wall-system,verified product fields required,catalog,draft,noindex,/collections/wall-system/,2026-08-20,20
/collections/floor-ceiling-system/,collection,Подбор по задаче floor-ceiling-system,кондиционер floor-ceiling-system,floor-ceiling-system,verified product fields required,catalog,draft,noindex,/collections/floor-ceiling-system/,2026-08-20,20
/collections/multi-split/,collection,Подбор по задаче multi-split,кондиционер multi-split,multi-split,verified product fields required,catalog,draft,noindex,/collections/multi-split/,2026-08-20,20
/collections/mini-vrf/,collection,Подбор по задаче mini-vrf,кондиционер mini-vrf,mini-vrf,verified product fields required,catalog,draft,noindex,/collections/mini-vrf/,2026-08-20,20
/collections/heat-recovery/,collection,Подбор по задаче heat-recovery,кондиционер heat-recovery,heat-recovery,verified product fields required,catalog,draft,noindex,/collections/heat-recovery/,2026-08-20,20
/collections/fresh-air/,collection,Подбор по задаче fresh-air,кондиционер fresh-air,fresh-air,verified product fields required,catalog,draft,noindex,/collections/fresh-air/,2026-08-20,20
/collections/central-control/,collection,Подбор по задаче central-control,кондиционер central-control,central-control,verified product fields required,catalog,draft,noindex,/collections/central-control/,2026-08-20,20
/collections/bms-ready/,collection,Подбор по задаче bms-ready,кондиционер bms-ready,bms-ready,verified product fields required,catalog,draft,noindex,/collections/bms-ready/,2026-08-20,20
/collections/restaurant-hall/,collection,Подбор по задаче restaurant-hall,кондиционер restaurant-hall,restaurant-hall,verified product fields required,catalog,draft,noindex,/collections/restaurant-hall/,2026-08-20,20
/collections/server-room-247/,collection,Подбор по задаче server-room-247,кондиционер server-room-247,server-room-247,verified product fields required,catalog,draft,noindex,/collections/server-room-247/,2026-08-20,20
/collections/hotel-rooms/,collection,Подбор по задаче hotel-rooms,кондиционер hotel-rooms,hotel-rooms,verified product fields required,catalog,draft,noindex,/collections/hotel-rooms/,2026-08-20,20
/collections/retail-entrance/,collection,Подбор по задаче retail-entrance,кондиционер retail-entrance,retail-entrance,verified product fields required,catalog,draft,noindex,/collections/retail-entrance/,2026-08-20,20
/collections/open-space-office/,collection,Подбор по задаче open-space-office,кондиционер open-space-office,open-space-office,verified product fields required,catalog,draft,noindex,/collections/open-space-office/,2026-08-20,20
/collections/meeting-rooms/,collection,Подбор по задаче meeting-rooms,кондиционер meeting-rooms,meeting-rooms,verified product fields required,catalog,draft,noindex,/collections/meeting-rooms/,2026-08-20,20
/collections/country-house-zones/,collection,Подбор по задаче country-house-zones,кондиционер country-house-zones,country-house-zones,verified product fields required,catalog,draft,noindex,/collections/country-house-zones/,2026-08-20,20
/collections/warehouse-gates/,collection,Подбор по задаче warehouse-gates,кондиционер warehouse-gates,warehouse-gates,verified product fields required,catalog,draft,noindex,/collections/warehouse-gates/,2026-08-20,20
/collections/production-heat-gains/,collection,Подбор по задаче production-heat-gains,кондиционер production-heat-gains,production-heat-gains,verified product fields required,catalog,draft,noindex,/collections/production-heat-gains/,2026-08-20,20
/collections/clinic-hygiene/,collection,Подбор по задаче clinic-hygiene,кондиционер clinic-hygiene,clinic-hygiene,verified product fields required,catalog,draft,noindex,/collections/clinic-hygiene/,2026-08-20,20
/collections/school-classrooms/,collection,Подбор по задаче school-classrooms,кондиционер school-classrooms,school-classrooms,verified product fields required,catalog,draft,noindex,/collections/school-classrooms/,2026-08-20,20
/compare/chigo-sunrise-inverter-268-vs-chigo-alba-inverter-150/,comparison,Сравнение Sunrise Inverter 268 и Alba Inverter 150,Chigo Sunrise Inverter 268 vs Chigo Alba Inverter 150,chigo-sunrise-inverter-268 / chigo-alba-inverter-150,comparable verified fields required,catalog-editor,draft,noindex,/compare/chigo-sunrise-inverter-268-vs-chigo-alba-inverter-150/,2026-08-20,20
/compare/chigo-sunrise-inverter-268-vs-chigo-king-inverter-172/,comparison,Сравнение Sunrise Inverter 268 и King Inverter 172,Chigo Sunrise Inverter 268 vs Chigo King Inverter 172,chigo-sunrise-inverter-268 / chigo-king-inverter-172,comparable verified fields required,catalog-editor,draft,noindex,/compare/chigo-sunrise-inverter-268-vs-chigo-king-inverter-172/,2026-08-20,20
/compare/chigo-sunrise-inverter-268-vs-chigo-lotos-on-off-169/,comparison,Сравнение Sunrise Inverter 268 и Lotos on-off 169,Chigo Sunrise Inverter 268 vs Chigo Lotos on-off 169,chigo-sunrise-inverter-268 / chigo-lotos-on-off-169,comparable verified fields required,catalog-editor,draft,noindex,/compare/chigo-sunrise-inverter-268-vs-chigo-lotos-on-off-169/,2026-08-20,20
/compare/chigo-sunrise-inverter-268-vs-chigo-moon-on-off-181/,comparison,Сравнение Sunrise Inverter 268 и Moon on-off 181,Chigo Sunrise Inverter 268 vs Chigo Moon on-off 181,chigo-sunrise-inverter-268 / chigo-moon-on-off-181,comparable verified fields required,catalog-editor,draft,noindex,/compare/chigo-sunrise-inverter-268-vs-chigo-moon-on-off-181/,2026-08-20,20
/compare/chigo-sunrise-inverter-268-vs-haier-jade-super-match/,comparison,Сравнение Sunrise Inverter 268 и Jade Super Match,Chigo Sunrise Inverter 268 vs Haier Jade Super Match,chigo-sunrise-inverter-268 / haier-jade-super-match,comparable verified fields required,catalog-editor,draft,noindex,/compare/chigo-sunrise-inverter-268-vs-haier-jade-super-match/,2026-08-20,20
/compare/chigo-sunrise-inverter-268-vs-haier-flexis-super-match/,comparison,Сравнение Sunrise Inverter 268 и Flexis Super Match,Chigo Sunrise Inverter 268 vs Haier Flexis Super Match,chigo-sunrise-inverter-268 / haier-flexis-super-match,comparable verified fields required,catalog-editor,draft,noindex,/compare/chigo-sunrise-inverter-268-vs-haier-flexis-super-match/,2026-08-20,20
/compare/chigo-sunrise-inverter-268-vs-haier-stellar-hp-minus-20/,comparison,Сравнение Sunrise Inverter 268 и Stellar HP −20 °C,Chigo Sunrise Inverter 268 vs Haier Stellar HP −20 °C,chigo-sunrise-inverter-268 / haier-stellar-hp-minus-20,comparable verified fields required,catalog-editor,draft,noindex,/compare/chigo-sunrise-inverter-268-vs-haier-stellar-hp-minus-20/,2026-08-20,20
/compare/chigo-sunrise-inverter-268-vs-haier-flexis-on-off/,comparison,Сравнение Sunrise Inverter 268 и Flexis On-Off,Chigo Sunrise Inverter 268 vs Haier Flexis On-Off,chigo-sunrise-inverter-268 / haier-flexis-on-off,comparable verified fields required,catalog-editor,draft,noindex,/compare/chigo-sunrise-inverter-268-vs-haier-flexis-on-off/,2026-08-20,20
/compare/chigo-sunrise-inverter-268-vs-haier-coral-dc-inverter/,comparison,Сравнение Sunrise Inverter 268 и Coral DC-Inverter,Chigo Sunrise Inverter 268 vs Haier Coral DC-Inverter,chigo-sunrise-inverter-268 / haier-coral-dc-inverter,comparable verified fields required,catalog-editor,draft,noindex,/compare/chigo-sunrise-inverter-268-vs-haier-coral-dc-inverter/,2026-08-20,20
/compare/chigo-sunrise-inverter-268-vs-haier-coral-on-off/,comparison,Сравнение Sunrise Inverter 268 и Coral On-Off,Chigo Sunrise Inverter 268 vs Haier Coral On-Off,chigo-sunrise-inverter-268 / haier-coral-on-off,comparable verified fields required,catalog-editor,draft,noindex,/compare/chigo-sunrise-inverter-268-vs-haier-coral-on-off/,2026-08-20,20
/compare/chigo-sunrise-inverter-268-vs-haier-tundra-dc-inverter/,comparison,Сравнение Sunrise Inverter 268 и Tundra DC-Inverter,Chigo Sunrise Inverter 268 vs Haier Tundra DC-Inverter,chigo-sunrise-inverter-268 / haier-tundra-dc-inverter,comparable verified fields required,catalog-editor,draft,noindex,/compare/chigo-sunrise-inverter-268-vs-haier-tundra-dc-inverter/,2026-08-20,20
/compare/chigo-sunrise-inverter-268-vs-haier-tundra-on-off/,comparison,Сравнение Sunrise Inverter 268 и Tundra On-Off,Chigo Sunrise Inverter 268 vs Haier Tundra On-Off,chigo-sunrise-inverter-268 / haier-tundra-on-off,comparable verified fields required,catalog-editor,draft,noindex,/compare/chigo-sunrise-inverter-268-vs-haier-tundra-on-off/,2026-08-20,20
/compare/chigo-sunrise-inverter-268-vs-haier-quantum-inverter/,comparison,Сравнение Sunrise Inverter 268 и Quantum Inverter,Chigo Sunrise Inverter 268 vs Haier Quantum Inverter,chigo-sunrise-inverter-268 / haier-quantum-inverter,comparable verified fields required,catalog-editor,draft,noindex,/compare/chigo-sunrise-inverter-268-vs-haier-quantum-inverter/,2026-08-20,20
/compare/chigo-sunrise-inverter-268-vs-haier-quantum-on-off/,comparison,Сравнение Sunrise Inverter 268 и Quantum On-Off,Chigo Sunrise Inverter 268 vs Haier Quantum On-Off,chigo-sunrise-inverter-268 / haier-quantum-on-off,comparable verified fields required,catalog-editor,draft,noindex,/compare/chigo-sunrise-inverter-268-vs-haier-quantum-on-off/,2026-08-20,20
/compare/chigo-sunrise-inverter-268-vs-haier-leader-a/,comparison,Сравнение Sunrise Inverter 268 и Leader-A,Chigo Sunrise Inverter 268 vs Haier Leader-A,chigo-sunrise-inverter-268 / haier-leader-a,comparable verified fields required,catalog-editor,draft,noindex,/compare/chigo-sunrise-inverter-268-vs-haier-leader-a/,2026-08-20,20
/compare/chigo-sunrise-inverter-268-vs-jax-murray-acy-he-r32-new/,comparison,Сравнение Sunrise Inverter 268 и Murray ACY-HE R32 NEW,Chigo Sunrise Inverter 268 vs JAX Murray ACY-HE R32 NEW,chigo-sunrise-inverter-268 / jax-murray-acy-he-r32-new,comparable verified fields required,catalog-editor,draft,noindex,/compare/chigo-sunrise-inverter-268-vs-jax-murray-acy-he-r32-new/,2026-08-20,20
/compare/chigo-sunrise-inverter-268-vs-jax-hayman-aci-he-neo-r32/,comparison,Сравнение Sunrise Inverter 268 и Hayman ACI-HE NEO R32,Chigo Sunrise Inverter 268 vs JAX Hayman ACI-HE NEO R32,chigo-sunrise-inverter-268 / jax-hayman-aci-he-neo-r32,comparable verified fields required,catalog-editor,draft,noindex,/compare/chigo-sunrise-inverter-268-vs-jax-hayman-aci-he-neo-r32/,2026-08-20,20
/compare/chigo-sunrise-inverter-268-vs-jax-brisbane-aciu-he-r32/,comparison,Сравнение Sunrise Inverter 268 и Brisbane ACIU-HE R32,Chigo Sunrise Inverter 268 vs JAX Brisbane ACIU-HE R32,chigo-sunrise-inverter-268 / jax-brisbane-aciu-he-r32,comparable verified fields required,catalog-editor,draft,noindex,/compare/chigo-sunrise-inverter-268-vs-jax-brisbane-aciu-he-r32/,2026-08-20,20
/compare/chigo-sunrise-inverter-268-vs-jax-tasmania-acn-he-r32/,comparison,Сравнение Sunrise Inverter 268 и Tasmania ACN-HE R32,Chigo Sunrise Inverter 268 vs JAX Tasmania ACN-HE R32,chigo-sunrise-inverter-268 / jax-tasmania-acn-he-r32,comparable verified fields required,catalog-editor,draft,noindex,/compare/chigo-sunrise-inverter-268-vs-jax-tasmania-acn-he-r32/,2026-08-20,20
/compare/chigo-sunrise-inverter-268-vs-jax-melbourne-acm-he/,comparison,Сравнение Sunrise Inverter 268 и Melbourne ACM-HE,Chigo Sunrise Inverter 268 vs JAX Melbourne ACM-HE,chigo-sunrise-inverter-268 / jax-melbourne-acm-he,comparable verified fields required,catalog-editor,draft,noindex,/compare/chigo-sunrise-inverter-268-vs-jax-melbourne-acm-he/,2026-08-20,20
/compare/chigo-sunrise-inverter-268-vs-jax-york-ace-he-neo/,comparison,Сравнение Sunrise Inverter 268 и York ACE-HE NEO,Chigo Sunrise Inverter 268 vs JAX York ACE-HE NEO,chigo-sunrise-inverter-268 / jax-york-ace-he-neo,comparable verified fields required,catalog-editor,draft,noindex,/compare/chigo-sunrise-inverter-268-vs-jax-york-ace-he-neo/,2026-08-20,20
/compare/chigo-sunrise-inverter-268-vs-jax-adelaide-aci-he/,comparison,Сравнение Sunrise Inverter 268 и Adelaide ACI-HE,Chigo Sunrise Inverter 268 vs JAX Adelaide ACI-HE,chigo-sunrise-inverter-268 / jax-adelaide-aci-he,comparable verified fields required,catalog-editor,draft,noindex,/compare/chigo-sunrise-inverter-268-vs-jax-adelaide-aci-he/,2026-08-20,20
/compare/chigo-sunrise-inverter-268-vs-jax-darwin-ack-he/,comparison,Сравнение Sunrise Inverter 268 и Darwin ACK-HE,Chigo Sunrise Inverter 268 vs JAX Darwin ACK-HE,chigo-sunrise-inverter-268 / jax-darwin-ack-he,comparable verified fields required,catalog-editor,draft,noindex,/compare/chigo-sunrise-inverter-268-vs-jax-darwin-ack-he/,2026-08-20,20
/compare/chigo-sunrise-inverter-268-vs-rovex-smart-pro-rs-pxi6-pro/,comparison,Сравнение Sunrise Inverter 268 и Smart PRO RS-PXI6 PRO,Chigo Sunrise Inverter 268 vs Rovex Smart PRO RS-PXI6 PRO,chigo-sunrise-inverter-268 / rovex-smart-pro-rs-pxi6-pro,comparable verified fields required,catalog-editor,draft,noindex,/compare/chigo-sunrise-inverter-268-vs-rovex-smart-pro-rs-pxi6-pro/,2026-08-20,20
/compare/chigo-sunrise-inverter-268-vs-rovex-smart-rs-pxi6/,comparison,Сравнение Sunrise Inverter 268 и SMART RS-PXI6,Chigo Sunrise Inverter 268 vs Rovex SMART RS-PXI6,chigo-sunrise-inverter-268 / rovex-smart-rs-pxi6,comparable verified fields required,catalog-editor,draft,noindex,/compare/chigo-sunrise-inverter-268-vs-rovex-smart-rs-pxi6/,2026-08-20,20
/compare/chigo-sunrise-inverter-268-vs-rovex-star-s-abs-he-s/,comparison,Сравнение Sunrise Inverter 268 и STAR-S ABS-HE-S,Chigo Sunrise Inverter 268 vs Rovex STAR-S ABS-HE-S,chigo-sunrise-inverter-268 / rovex-star-s-abs-he-s,comparable verified fields required,catalog-editor,draft,noindex,/compare/chigo-sunrise-inverter-268-vs-rovex-star-s-abs-he-s/,2026-08-20,20
/compare/chigo-sunrise-inverter-268-vs-rovex-star-n-abs-he-n/,comparison,Сравнение Sunrise Inverter 268 и STAR-N ABS-HE-N,Chigo Sunrise Inverter 268 vs Rovex STAR-N ABS-HE-N,chigo-sunrise-inverter-268 / rovex-star-n-abs-he-n,comparable verified fields required,catalog-editor,draft,noindex,/compare/chigo-sunrise-inverter-268-vs-rovex-star-n-abs-he-n/,2026-08-20,20
/compare/chigo-sunrise-inverter-268-vs-rovex-rich-rs-muin1/,comparison,Сравнение Sunrise Inverter 268 и RICH RS-MUIN1,Chigo Sunrise Inverter 268 vs Rovex RICH RS-MUIN1,chigo-sunrise-inverter-268 / rovex-rich-rs-muin1,comparable verified fields required,catalog-editor,draft,noindex,/compare/chigo-sunrise-inverter-268-vs-rovex-rich-rs-muin1/,2026-08-20,20
/compare/chigo-sunrise-inverter-268-vs-rovex-megapolis-rs-cbs4/,comparison,Сравнение Sunrise Inverter 268 и MEGAPOLIS RS-CBS4,Chigo Sunrise Inverter 268 vs Rovex MEGAPOLIS RS-CBS4,chigo-sunrise-inverter-268 / rovex-megapolis-rs-cbs4,comparable verified fields required,catalog-editor,draft,noindex,/compare/chigo-sunrise-inverter-268-vs-rovex-megapolis-rs-cbs4/,2026-08-20,20
/compare/chigo-sunrise-inverter-268-vs-rovex-city-pro-rs-cst4-pro/,comparison,Сравнение Sunrise Inverter 268 и CITY PRO RS-CST4-PRO,Chigo Sunrise Inverter 268 vs Rovex CITY PRO RS-CST4-PRO,chigo-sunrise-inverter-268 / rovex-city-pro-rs-cst4-pro,comparable verified fields required,catalog-editor,draft,noindex,/compare/chigo-sunrise-inverter-268-vs-rovex-city-pro-rs-cst4-pro/,2026-08-20,20
/compare/chigo-sunrise-inverter-268-vs-rovex-city-rs-cst4/,comparison,Сравнение Sunrise Inverter 268 и CITY RS-CST4,Chigo Sunrise Inverter 268 vs Rovex CITY RS-CST4,chigo-sunrise-inverter-268 / rovex-city-rs-cst4,comparable verified fields required,catalog-editor,draft,noindex,/compare/chigo-sunrise-inverter-268-vs-rovex-city-rs-cst4/,2026-08-20,20
/compare/chigo-sunrise-inverter-268-vs-rovex-mira-s-ast-he-s/,comparison,Сравнение Sunrise Inverter 268 и MIRA-S AST-HE-S,Chigo Sunrise Inverter 268 vs Rovex MIRA-S AST-HE-S,chigo-sunrise-inverter-268 / rovex-mira-s-ast-he-s,comparable verified fields required,catalog-editor,draft,noindex,/compare/chigo-sunrise-inverter-268-vs-rovex-mira-s-ast-he-s/,2026-08-20,20
/compare/chigo-sunrise-inverter-268-vs-rovex-mira-n-ast-he-n/,comparison,Сравнение Sunrise Inverter 268 и MIRA-N AST-HE-N,Chigo Sunrise Inverter 268 vs Rovex MIRA-N AST-HE-N,chigo-sunrise-inverter-268 / rovex-mira-n-ast-he-n,comparable verified fields required,catalog-editor,draft,noindex,/compare/chigo-sunrise-inverter-268-vs-rovex-mira-n-ast-he-n/,2026-08-20,20
/compare/chigo-sunrise-inverter-268-vs-rovex-grace-rs-mst1/,comparison,Сравнение Sunrise Inverter 268 и GRACE RS-MST1,Chigo Sunrise Inverter 268 vs Rovex GRACE RS-MST1,chigo-sunrise-inverter-268 / rovex-grace-rs-mst1,comparable verified fields required,catalog-editor,draft,noindex,/compare/chigo-sunrise-inverter-268-vs-rovex-grace-rs-mst1/,2026-08-20,20
/compare/chigo-sunrise-inverter-268-vs-rovex-cst-5-unite/,comparison,Сравнение Sunrise Inverter 268 и CST-5 UNITE,Chigo Sunrise Inverter 268 vs Rovex CST-5 UNITE,chigo-sunrise-inverter-268 / rovex-cst-5-unite,comparable verified fields required,catalog-editor,draft,noindex,/compare/chigo-sunrise-inverter-268-vs-rovex-cst-5-unite/,2026-08-20,20
/compare/chigo-sunrise-inverter-268-vs-rovex-cst5-pro/,comparison,Сравнение Sunrise Inverter 268 и ROVEX CST5 PRO,Chigo Sunrise Inverter 268 vs Rovex ROVEX CST5 PRO,chigo-sunrise-inverter-268 / rovex-cst5-pro,comparable verified fields required,catalog-editor,draft,noindex,/compare/chigo-sunrise-inverter-268-vs-rovex-cst5-pro/,2026-08-20,20
/compare/chigo-sunrise-inverter-268-vs-rovex-rs-cbs5-pro/,comparison,Сравнение Sunrise Inverter 268 и RS-CBS5 PRO,Chigo Sunrise Inverter 268 vs Rovex RS-CBS5 PRO,chigo-sunrise-inverter-268 / rovex-rs-cbs5-pro,comparable verified fields required,catalog-editor,draft,noindex,/compare/chigo-sunrise-inverter-268-vs-rovex-rs-cbs5-pro/,2026-08-20,20
/compare/chigo-sunrise-inverter-268-vs-vickers-rook-vch-he/,comparison,Сравнение Sunrise Inverter 268 и ROOK VCH-HE,Chigo Sunrise Inverter 268 vs Vickers ROOK VCH-HE,chigo-sunrise-inverter-268 / vickers-rook-vch-he,comparable verified fields required,catalog-editor,draft,noindex,/compare/chigo-sunrise-inverter-268-vs-vickers-rook-vch-he/,2026-08-20,20
/compare/chigo-sunrise-inverter-268-vs-vickers-tanya/,comparison,Сравнение Sunrise Inverter 268 и Tanya,Chigo Sunrise Inverter 268 vs Vickers Tanya,chigo-sunrise-inverter-268 / vickers-tanya,comparable verified fields required,catalog-editor,draft,noindex,/compare/chigo-sunrise-inverter-268-vs-vickers-tanya/,2026-08-20,20
/compare/chigo-sunrise-inverter-268-vs-vickers-tanya-max/,comparison,Сравнение Sunrise Inverter 268 и Tanya Max,Chigo Sunrise Inverter 268 vs Vickers Tanya Max,chigo-sunrise-inverter-268 / vickers-tanya-max,comparable verified fields required,catalog-editor,draft,noindex,/compare/chigo-sunrise-inverter-268-vs-vickers-tanya-max/,2026-08-20,20
/compare/chigo-sunrise-inverter-268-vs-vickers-vera-max-vg-he-max/,comparison,Сравнение Sunrise Inverter 268 и VERA MAX VG-HE MAX,Chigo Sunrise Inverter 268 vs Vickers VERA MAX VG-HE MAX,chigo-sunrise-inverter-268 / vickers-vera-max-vg-he-max,comparable verified fields required,catalog-editor,draft,noindex,/compare/chigo-sunrise-inverter-268-vs-vickers-vera-max-vg-he-max/,2026-08-20,20
/compare/chigo-sunrise-inverter-268-vs-vickers-vera-vg-he/,comparison,Сравнение Sunrise Inverter 268 и VERA VG-HE,Chigo Sunrise Inverter 268 vs Vickers VERA VG-HE,chigo-sunrise-inverter-268 / vickers-vera-vg-he,comparable verified fields required,catalog-editor,draft,noindex,/compare/chigo-sunrise-inverter-268-vs-vickers-vera-vg-he/,2026-08-20,20
/compare/chigo-sunrise-inverter-268-vs-vickers-viking-ve-he/,comparison,Сравнение Sunrise Inverter 268 и VIKING VE-HE,Chigo Sunrise Inverter 268 vs Vickers VIKING VE-HE,chigo-sunrise-inverter-268 / vickers-viking-ve-he,comparable verified fields required,catalog-editor,draft,noindex,/compare/chigo-sunrise-inverter-268-vs-vickers-viking-ve-he/,2026-08-20,20
/compare/chigo-alba-inverter-150-vs-chigo-king-inverter-172/,comparison,Сравнение Alba Inverter 150 и King Inverter 172,Chigo Alba Inverter 150 vs Chigo King Inverter 172,chigo-alba-inverter-150 / chigo-king-inverter-172,comparable verified fields required,catalog-editor,draft,noindex,/compare/chigo-alba-inverter-150-vs-chigo-king-inverter-172/,2026-08-20,20
/compare/chigo-alba-inverter-150-vs-chigo-lotos-on-off-169/,comparison,Сравнение Alba Inverter 150 и Lotos on-off 169,Chigo Alba Inverter 150 vs Chigo Lotos on-off 169,chigo-alba-inverter-150 / chigo-lotos-on-off-169,comparable verified fields required,catalog-editor,draft,noindex,/compare/chigo-alba-inverter-150-vs-chigo-lotos-on-off-169/,2026-08-20,20
/compare/chigo-alba-inverter-150-vs-chigo-moon-on-off-181/,comparison,Сравнение Alba Inverter 150 и Moon on-off 181,Chigo Alba Inverter 150 vs Chigo Moon on-off 181,chigo-alba-inverter-150 / chigo-moon-on-off-181,comparable verified fields required,catalog-editor,draft,noindex,/compare/chigo-alba-inverter-150-vs-chigo-moon-on-off-181/,2026-08-20,20
/compare/chigo-alba-inverter-150-vs-haier-jade-super-match/,comparison,Сравнение Alba Inverter 150 и Jade Super Match,Chigo Alba Inverter 150 vs Haier Jade Super Match,chigo-alba-inverter-150 / haier-jade-super-match,comparable verified fields required,catalog-editor,draft,noindex,/compare/chigo-alba-inverter-150-vs-haier-jade-super-match/,2026-08-20,20
/compare/chigo-alba-inverter-150-vs-haier-flexis-super-match/,comparison,Сравнение Alba Inverter 150 и Flexis Super Match,Chigo Alba Inverter 150 vs Haier Flexis Super Match,chigo-alba-inverter-150 / haier-flexis-super-match,comparable verified fields required,catalog-editor,draft,noindex,/compare/chigo-alba-inverter-150-vs-haier-flexis-super-match/,2026-08-20,20
/compare/chigo-alba-inverter-150-vs-haier-stellar-hp-minus-20/,comparison,Сравнение Alba Inverter 150 и Stellar HP −20 °C,Chigo Alba Inverter 150 vs Haier Stellar HP −20 °C,chigo-alba-inverter-150 / haier-stellar-hp-minus-20,comparable verified fields required,catalog-editor,draft,noindex,/compare/chigo-alba-inverter-150-vs-haier-stellar-hp-minus-20/,2026-08-20,20
/compare/chigo-alba-inverter-150-vs-haier-flexis-on-off/,comparison,Сравнение Alba Inverter 150 и Flexis On-Off,Chigo Alba Inverter 150 vs Haier Flexis On-Off,chigo-alba-inverter-150 / haier-flexis-on-off,comparable verified fields required,catalog-editor,draft,noindex,/compare/chigo-alba-inverter-150-vs-haier-flexis-on-off/,2026-08-20,20
/compare/chigo-alba-inverter-150-vs-haier-coral-dc-inverter/,comparison,Сравнение Alba Inverter 150 и Coral DC-Inverter,Chigo Alba Inverter 150 vs Haier Coral DC-Inverter,chigo-alba-inverter-150 / haier-coral-dc-inverter,comparable verified fields required,catalog-editor,draft,noindex,/compare/chigo-alba-inverter-150-vs-haier-coral-dc-inverter/,2026-08-20,20
/compare/chigo-alba-inverter-150-vs-haier-coral-on-off/,comparison,Сравнение Alba Inverter 150 и Coral On-Off,Chigo Alba Inverter 150 vs Haier Coral On-Off,chigo-alba-inverter-150 / haier-coral-on-off,comparable verified fields required,catalog-editor,draft,noindex,/compare/chigo-alba-inverter-150-vs-haier-coral-on-off/,2026-08-20,20
/compare/chigo-alba-inverter-150-vs-haier-tundra-dc-inverter/,comparison,Сравнение Alba Inverter 150 и Tundra DC-Inverter,Chigo Alba Inverter 150 vs Haier Tundra DC-Inverter,chigo-alba-inverter-150 / haier-tundra-dc-inverter,comparable verified fields required,catalog-editor,draft,noindex,/compare/chigo-alba-inverter-150-vs-haier-tundra-dc-inverter/,2026-08-20,20
/compare/chigo-alba-inverter-150-vs-haier-tundra-on-off/,comparison,Сравнение Alba Inverter 150 и Tundra On-Off,Chigo Alba Inverter 150 vs Haier Tundra On-Off,chigo-alba-inverter-150 / haier-tundra-on-off,comparable verified fields required,catalog-editor,draft,noindex,/compare/chigo-alba-inverter-150-vs-haier-tundra-on-off/,2026-08-20,20
/compare/chigo-alba-inverter-150-vs-haier-quantum-inverter/,comparison,Сравнение Alba Inverter 150 и Quantum Inverter,Chigo Alba Inverter 150 vs Haier Quantum Inverter,chigo-alba-inverter-150 / haier-quantum-inverter,comparable verified fields required,catalog-editor,draft,noindex,/compare/chigo-alba-inverter-150-vs-haier-quantum-inverter/,2026-08-20,20
/compare/chigo-alba-inverter-150-vs-haier-quantum-on-off/,comparison,Сравнение Alba Inverter 150 и Quantum On-Off,Chigo Alba Inverter 150 vs Haier Quantum On-Off,chigo-alba-inverter-150 / haier-quantum-on-off,comparable verified fields required,catalog-editor,draft,noindex,/compare/chigo-alba-inverter-150-vs-haier-quantum-on-off/,2026-08-20,20
/compare/chigo-alba-inverter-150-vs-haier-leader-a/,comparison,Сравнение Alba Inverter 150 и Leader-A,Chigo Alba Inverter 150 vs Haier Leader-A,chigo-alba-inverter-150 / haier-leader-a,comparable verified fields required,catalog-editor,draft,noindex,/compare/chigo-alba-inverter-150-vs-haier-leader-a/,2026-08-20,20
/compare/chigo-alba-inverter-150-vs-jax-murray-acy-he-r32-new/,comparison,Сравнение Alba Inverter 150 и Murray ACY-HE R32 NEW,Chigo Alba Inverter 150 vs JAX Murray ACY-HE R32 NEW,chigo-alba-inverter-150 / jax-murray-acy-he-r32-new,comparable verified fields required,catalog-editor,draft,noindex,/compare/chigo-alba-inverter-150-vs-jax-murray-acy-he-r32-new/,2026-08-20,20
/compare/chigo-alba-inverter-150-vs-jax-hayman-aci-he-neo-r32/,comparison,Сравнение Alba Inverter 150 и Hayman ACI-HE NEO R32,Chigo Alba Inverter 150 vs JAX Hayman ACI-HE NEO R32,chigo-alba-inverter-150 / jax-hayman-aci-he-neo-r32,comparable verified fields required,catalog-editor,draft,noindex,/compare/chigo-alba-inverter-150-vs-jax-hayman-aci-he-neo-r32/,2026-08-20,20
/compare/chigo-alba-inverter-150-vs-jax-brisbane-aciu-he-r32/,comparison,Сравнение Alba Inverter 150 и Brisbane ACIU-HE R32,Chigo Alba Inverter 150 vs JAX Brisbane ACIU-HE R32,chigo-alba-inverter-150 / jax-brisbane-aciu-he-r32,comparable verified fields required,catalog-editor,draft,noindex,/compare/chigo-alba-inverter-150-vs-jax-brisbane-aciu-he-r32/,2026-08-20,20
/compare/chigo-alba-inverter-150-vs-jax-tasmania-acn-he-r32/,comparison,Сравнение Alba Inverter 150 и Tasmania ACN-HE R32,Chigo Alba Inverter 150 vs JAX Tasmania ACN-HE R32,chigo-alba-inverter-150 / jax-tasmania-acn-he-r32,comparable verified fields required,catalog-editor,draft,noindex,/compare/chigo-alba-inverter-150-vs-jax-tasmania-acn-he-r32/,2026-08-20,20
/compare/chigo-alba-inverter-150-vs-jax-melbourne-acm-he/,comparison,Сравнение Alba Inverter 150 и Melbourne ACM-HE,Chigo Alba Inverter 150 vs JAX Melbourne ACM-HE,chigo-alba-inverter-150 / jax-melbourne-acm-he,comparable verified fields required,catalog-editor,draft,noindex,/compare/chigo-alba-inverter-150-vs-jax-melbourne-acm-he/,2026-08-20,20
/compare/chigo-alba-inverter-150-vs-jax-york-ace-he-neo/,comparison,Сравнение Alba Inverter 150 и York ACE-HE NEO,Chigo Alba Inverter 150 vs JAX York ACE-HE NEO,chigo-alba-inverter-150 / jax-york-ace-he-neo,comparable verified fields required,catalog-editor,draft,noindex,/compare/chigo-alba-inverter-150-vs-jax-york-ace-he-neo/,2026-08-20,20
/compare/chigo-alba-inverter-150-vs-jax-adelaide-aci-he/,comparison,Сравнение Alba Inverter 150 и Adelaide ACI-HE,Chigo Alba Inverter 150 vs JAX Adelaide ACI-HE,chigo-alba-inverter-150 / jax-adelaide-aci-he,comparable verified fields required,catalog-editor,draft,noindex,/compare/chigo-alba-inverter-150-vs-jax-adelaide-aci-he/,2026-08-20,20
/compare/chigo-alba-inverter-150-vs-jax-darwin-ack-he/,comparison,Сравнение Alba Inverter 150 и Darwin ACK-HE,Chigo Alba Inverter 150 vs JAX Darwin ACK-HE,chigo-alba-inverter-150 / jax-darwin-ack-he,comparable verified fields required,catalog-editor,draft,noindex,/compare/chigo-alba-inverter-150-vs-jax-darwin-ack-he/,2026-08-20,20
/compare/chigo-alba-inverter-150-vs-rovex-smart-pro-rs-pxi6-pro/,comparison,Сравнение Alba Inverter 150 и Smart PRO RS-PXI6 PRO,Chigo Alba Inverter 150 vs Rovex Smart PRO RS-PXI6 PRO,chigo-alba-inverter-150 / rovex-smart-pro-rs-pxi6-pro,comparable verified fields required,catalog-editor,draft,noindex,/compare/chigo-alba-inverter-150-vs-rovex-smart-pro-rs-pxi6-pro/,2026-08-20,20
/compare/chigo-alba-inverter-150-vs-rovex-smart-rs-pxi6/,comparison,Сравнение Alba Inverter 150 и SMART RS-PXI6,Chigo Alba Inverter 150 vs Rovex SMART RS-PXI6,chigo-alba-inverter-150 / rovex-smart-rs-pxi6,comparable verified fields required,catalog-editor,draft,noindex,/compare/chigo-alba-inverter-150-vs-rovex-smart-rs-pxi6/,2026-08-20,20
/compare/chigo-alba-inverter-150-vs-rovex-star-s-abs-he-s/,comparison,Сравнение Alba Inverter 150 и STAR-S ABS-HE-S,Chigo Alba Inverter 150 vs Rovex STAR-S ABS-HE-S,chigo-alba-inverter-150 / rovex-star-s-abs-he-s,comparable verified fields required,catalog-editor,draft,noindex,/compare/chigo-alba-inverter-150-vs-rovex-star-s-abs-he-s/,2026-08-20,20
/compare/chigo-alba-inverter-150-vs-rovex-star-n-abs-he-n/,comparison,Сравнение Alba Inverter 150 и STAR-N ABS-HE-N,Chigo Alba Inverter 150 vs Rovex STAR-N ABS-HE-N,chigo-alba-inverter-150 / rovex-star-n-abs-he-n,comparable verified fields required,catalog-editor,draft,noindex,/compare/chigo-alba-inverter-150-vs-rovex-star-n-abs-he-n/,2026-08-20,20
/compare/chigo-alba-inverter-150-vs-rovex-rich-rs-muin1/,comparison,Сравнение Alba Inverter 150 и RICH RS-MUIN1,Chigo Alba Inverter 150 vs Rovex RICH RS-MUIN1,chigo-alba-inverter-150 / rovex-rich-rs-muin1,comparable verified fields required,catalog-editor,draft,noindex,/compare/chigo-alba-inverter-150-vs-rovex-rich-rs-muin1/,2026-08-20,20
/compare/chigo-alba-inverter-150-vs-rovex-megapolis-rs-cbs4/,comparison,Сравнение Alba Inverter 150 и MEGAPOLIS RS-CBS4,Chigo Alba Inverter 150 vs Rovex MEGAPOLIS RS-CBS4,chigo-alba-inverter-150 / rovex-megapolis-rs-cbs4,comparable verified fields required,catalog-editor,draft,noindex,/compare/chigo-alba-inverter-150-vs-rovex-megapolis-rs-cbs4/,2026-08-20,20
/compare/chigo-alba-inverter-150-vs-rovex-city-pro-rs-cst4-pro/,comparison,Сравнение Alba Inverter 150 и CITY PRO RS-CST4-PRO,Chigo Alba Inverter 150 vs Rovex CITY PRO RS-CST4-PRO,chigo-alba-inverter-150 / rovex-city-pro-rs-cst4-pro,comparable verified fields required,catalog-editor,draft,noindex,/compare/chigo-alba-inverter-150-vs-rovex-city-pro-rs-cst4-pro/,2026-08-20,20
/compare/chigo-alba-inverter-150-vs-rovex-city-rs-cst4/,comparison,Сравнение Alba Inverter 150 и CITY RS-CST4,Chigo Alba Inverter 150 vs Rovex CITY RS-CST4,chigo-alba-inverter-150 / rovex-city-rs-cst4,comparable verified fields required,catalog-editor,draft,noindex,/compare/chigo-alba-inverter-150-vs-rovex-city-rs-cst4/,2026-08-20,20
/compare/chigo-alba-inverter-150-vs-rovex-mira-s-ast-he-s/,comparison,Сравнение Alba Inverter 150 и MIRA-S AST-HE-S,Chigo Alba Inverter 150 vs Rovex MIRA-S AST-HE-S,chigo-alba-inverter-150 / rovex-mira-s-ast-he-s,comparable verified fields required,catalog-editor,draft,noindex,/compare/chigo-alba-inverter-150-vs-rovex-mira-s-ast-he-s/,2026-08-20,20
/compare/chigo-alba-inverter-150-vs-rovex-mira-n-ast-he-n/,comparison,Сравнение Alba Inverter 150 и MIRA-N AST-HE-N,Chigo Alba Inverter 150 vs Rovex MIRA-N AST-HE-N,chigo-alba-inverter-150 / rovex-mira-n-ast-he-n,comparable verified fields required,catalog-editor,draft,noindex,/compare/chigo-alba-inverter-150-vs-rovex-mira-n-ast-he-n/,2026-08-20,20
/compare/chigo-alba-inverter-150-vs-rovex-grace-rs-mst1/,comparison,Сравнение Alba Inverter 150 и GRACE RS-MST1,Chigo Alba Inverter 150 vs Rovex GRACE RS-MST1,chigo-alba-inverter-150 / rovex-grace-rs-mst1,comparable verified fields required,catalog-editor,draft,noindex,/compare/chigo-alba-inverter-150-vs-rovex-grace-rs-mst1/,2026-08-20,20
/compare/chigo-alba-inverter-150-vs-rovex-cst-5-unite/,comparison,Сравнение Alba Inverter 150 и CST-5 UNITE,Chigo Alba Inverter 150 vs Rovex CST-5 UNITE,chigo-alba-inverter-150 / rovex-cst-5-unite,comparable verified fields required,catalog-editor,draft,noindex,/compare/chigo-alba-inverter-150-vs-rovex-cst-5-unite/,2026-08-20,20
/compare/chigo-alba-inverter-150-vs-rovex-cst5-pro/,comparison,Сравнение Alba Inverter 150 и ROVEX CST5 PRO,Chigo Alba Inverter 150 vs Rovex ROVEX CST5 PRO,chigo-alba-inverter-150 / rovex-cst5-pro,comparable verified fields required,catalog-editor,draft,noindex,/compare/chigo-alba-inverter-150-vs-rovex-cst5-pro/,2026-08-20,20
/compare/chigo-alba-inverter-150-vs-rovex-rs-cbs5-pro/,comparison,Сравнение Alba Inverter 150 и RS-CBS5 PRO,Chigo Alba Inverter 150 vs Rovex RS-CBS5 PRO,chigo-alba-inverter-150 / rovex-rs-cbs5-pro,comparable verified fields required,catalog-editor,draft,noindex,/compare/chigo-alba-inverter-150-vs-rovex-rs-cbs5-pro/,2026-08-20,20
/compare/chigo-alba-inverter-150-vs-vickers-rook-vch-he/,comparison,Сравнение Alba Inverter 150 и ROOK VCH-HE,Chigo Alba Inverter 150 vs Vickers ROOK VCH-HE,chigo-alba-inverter-150 / vickers-rook-vch-he,comparable verified fields required,catalog-editor,draft,noindex,/compare/chigo-alba-inverter-150-vs-vickers-rook-vch-he/,2026-08-20,20
/compare/chigo-alba-inverter-150-vs-vickers-tanya/,comparison,Сравнение Alba Inverter 150 и Tanya,Chigo Alba Inverter 150 vs Vickers Tanya,chigo-alba-inverter-150 / vickers-tanya,comparable verified fields required,catalog-editor,draft,noindex,/compare/chigo-alba-inverter-150-vs-vickers-tanya/,2026-08-20,20
/compare/chigo-alba-inverter-150-vs-vickers-tanya-max/,comparison,Сравнение Alba Inverter 150 и Tanya Max,Chigo Alba Inverter 150 vs Vickers Tanya Max,chigo-alba-inverter-150 / vickers-tanya-max,comparable verified fields required,catalog-editor,draft,noindex,/compare/chigo-alba-inverter-150-vs-vickers-tanya-max/,2026-08-20,20
/compare/chigo-alba-inverter-150-vs-vickers-vera-max-vg-he-max/,comparison,Сравнение Alba Inverter 150 и VERA MAX VG-HE MAX,Chigo Alba Inverter 150 vs Vickers VERA MAX VG-HE MAX,chigo-alba-inverter-150 / vickers-vera-max-vg-he-max,comparable verified fields required,catalog-editor,draft,noindex,/compare/chigo-alba-inverter-150-vs-vickers-vera-max-vg-he-max/,2026-08-20,20
/compare/chigo-alba-inverter-150-vs-vickers-vera-vg-he/,comparison,Сравнение Alba Inverter 150 и VERA VG-HE,Chigo Alba Inverter 150 vs Vickers VERA VG-HE,chigo-alba-inverter-150 / vickers-vera-vg-he,comparable verified fields required,catalog-editor,draft,noindex,/compare/chigo-alba-inverter-150-vs-vickers-vera-vg-he/,2026-08-20,20
/compare/chigo-alba-inverter-150-vs-vickers-viking-ve-he/,comparison,Сравнение Alba Inverter 150 и VIKING VE-HE,Chigo Alba Inverter 150 vs Vickers VIKING VE-HE,chigo-alba-inverter-150 / vickers-viking-ve-he,comparable verified fields required,catalog-editor,draft,noindex,/compare/chigo-alba-inverter-150-vs-vickers-viking-ve-he/,2026-08-20,20
/compare/chigo-king-inverter-172-vs-chigo-lotos-on-off-169/,comparison,Сравнение King Inverter 172 и Lotos on-off 169,Chigo King Inverter 172 vs Chigo Lotos on-off 169,chigo-king-inverter-172 / chigo-lotos-on-off-169,comparable verified fields required,catalog-editor,draft,noindex,/compare/chigo-king-inverter-172-vs-chigo-lotos-on-off-169/,2026-08-20,20
/compare/chigo-king-inverter-172-vs-chigo-moon-on-off-181/,comparison,Сравнение King Inverter 172 и Moon on-off 181,Chigo King Inverter 172 vs Chigo Moon on-off 181,chigo-king-inverter-172 / chigo-moon-on-off-181,comparable verified fields required,catalog-editor,draft,noindex,/compare/chigo-king-inverter-172-vs-chigo-moon-on-off-181/,2026-08-20,20
/compare/chigo-king-inverter-172-vs-haier-jade-super-match/,comparison,Сравнение King Inverter 172 и Jade Super Match,Chigo King Inverter 172 vs Haier Jade Super Match,chigo-king-inverter-172 / haier-jade-super-match,comparable verified fields required,catalog-editor,draft,noindex,/compare/chigo-king-inverter-172-vs-haier-jade-super-match/,2026-08-20,20
/compare/chigo-king-inverter-172-vs-haier-flexis-super-match/,comparison,Сравнение King Inverter 172 и Flexis Super Match,Chigo King Inverter 172 vs Haier Flexis Super Match,chigo-king-inverter-172 / haier-flexis-super-match,comparable verified fields required,catalog-editor,draft,noindex,/compare/chigo-king-inverter-172-vs-haier-flexis-super-match/,2026-08-20,20
/compare/chigo-king-inverter-172-vs-haier-stellar-hp-minus-20/,comparison,Сравнение King Inverter 172 и Stellar HP −20 °C,Chigo King Inverter 172 vs Haier Stellar HP −20 °C,chigo-king-inverter-172 / haier-stellar-hp-minus-20,comparable verified fields required,catalog-editor,draft,noindex,/compare/chigo-king-inverter-172-vs-haier-stellar-hp-minus-20/,2026-08-20,20
/compare/chigo-king-inverter-172-vs-haier-flexis-on-off/,comparison,Сравнение King Inverter 172 и Flexis On-Off,Chigo King Inverter 172 vs Haier Flexis On-Off,chigo-king-inverter-172 / haier-flexis-on-off,comparable verified fields required,catalog-editor,draft,noindex,/compare/chigo-king-inverter-172-vs-haier-flexis-on-off/,2026-08-20,20
/compare/chigo-king-inverter-172-vs-haier-coral-dc-inverter/,comparison,Сравнение King Inverter 172 и Coral DC-Inverter,Chigo King Inverter 172 vs Haier Coral DC-Inverter,chigo-king-inverter-172 / haier-coral-dc-inverter,comparable verified fields required,catalog-editor,draft,noindex,/compare/chigo-king-inverter-172-vs-haier-coral-dc-inverter/,2026-08-20,20
/compare/chigo-king-inverter-172-vs-haier-coral-on-off/,comparison,Сравнение King Inverter 172 и Coral On-Off,Chigo King Inverter 172 vs Haier Coral On-Off,chigo-king-inverter-172 / haier-coral-on-off,comparable verified fields required,catalog-editor,draft,noindex,/compare/chigo-king-inverter-172-vs-haier-coral-on-off/,2026-08-20,20
/compare/chigo-king-inverter-172-vs-haier-tundra-dc-inverter/,comparison,Сравнение King Inverter 172 и Tundra DC-Inverter,Chigo King Inverter 172 vs Haier Tundra DC-Inverter,chigo-king-inverter-172 / haier-tundra-dc-inverter,comparable verified fields required,catalog-editor,draft,noindex,/compare/chigo-king-inverter-172-vs-haier-tundra-dc-inverter/,2026-08-20,20
/compare/chigo-king-inverter-172-vs-haier-tundra-on-off/,comparison,Сравнение King Inverter 172 и Tundra On-Off,Chigo King Inverter 172 vs Haier Tundra On-Off,chigo-king-inverter-172 / haier-tundra-on-off,comparable verified fields required,catalog-editor,draft,noindex,/compare/chigo-king-inverter-172-vs-haier-tundra-on-off/,2026-08-20,20
/compare/chigo-king-inverter-172-vs-haier-quantum-inverter/,comparison,Сравнение King Inverter 172 и Quantum Inverter,Chigo King Inverter 172 vs Haier Quantum Inverter,chigo-king-inverter-172 / haier-quantum-inverter,comparable verified fields required,catalog-editor,draft,noindex,/compare/chigo-king-inverter-172-vs-haier-quantum-inverter/,2026-08-20,20
/compare/chigo-king-inverter-172-vs-haier-quantum-on-off/,comparison,Сравнение King Inverter 172 и Quantum On-Off,Chigo King Inverter 172 vs Haier Quantum On-Off,chigo-king-inverter-172 / haier-quantum-on-off,comparable verified fields required,catalog-editor,draft,noindex,/compare/chigo-king-inverter-172-vs-haier-quantum-on-off/,2026-08-20,20
/compare/chigo-king-inverter-172-vs-haier-leader-a/,comparison,Сравнение King Inverter 172 и Leader-A,Chigo King Inverter 172 vs Haier Leader-A,chigo-king-inverter-172 / haier-leader-a,comparable verified fields required,catalog-editor,draft,noindex,/compare/chigo-king-inverter-172-vs-haier-leader-a/,2026-08-20,20
/compare/chigo-king-inverter-172-vs-jax-murray-acy-he-r32-new/,comparison,Сравнение King Inverter 172 и Murray ACY-HE R32 NEW,Chigo King Inverter 172 vs JAX Murray ACY-HE R32 NEW,chigo-king-inverter-172 / jax-murray-acy-he-r32-new,comparable verified fields required,catalog-editor,draft,noindex,/compare/chigo-king-inverter-172-vs-jax-murray-acy-he-r32-new/,2026-08-20,20
/compare/chigo-king-inverter-172-vs-jax-hayman-aci-he-neo-r32/,comparison,Сравнение King Inverter 172 и Hayman ACI-HE NEO R32,Chigo King Inverter 172 vs JAX Hayman ACI-HE NEO R32,chigo-king-inverter-172 / jax-hayman-aci-he-neo-r32,comparable verified fields required,catalog-editor,draft,noindex,/compare/chigo-king-inverter-172-vs-jax-hayman-aci-he-neo-r32/,2026-08-20,20
/guides/basics/what-is-vrf/,article,Экспертное руководство: what-is-vrf для basics,what-is-vrf basics,basics/what-is-vrf,"author, editor and official sources required",editorial,draft,noindex,/guides/basics/what-is-vrf/,2026-08-20,20
/guides/basics/split-vs-multi-split/,article,Экспертное руководство: split-vs-multi-split для basics,split-vs-multi-split basics,basics/split-vs-multi-split,"author, editor and official sources required",editorial,draft,noindex,/guides/basics/split-vs-multi-split/,2026-08-20,20
/guides/basics/inverter-vs-on-off/,article,Экспертное руководство: inverter-vs-on-off для basics,inverter-vs-on-off basics,basics/inverter-vs-on-off,"author, editor and official sources required",editorial,draft,noindex,/guides/basics/inverter-vs-on-off/,2026-08-20,20
/guides/basics/how-to-read-model-name/,article,Экспертное руководство: how-to-read-model-name для basics,how-to-read-model-name basics,basics/how-to-read-model-name,"author, editor and official sources required",editorial,draft,noindex,/guides/basics/how-to-read-model-name/,2026-08-20,20
/guides/basics/cooling-capacity/,article,Экспертное руководство: cooling-capacity для basics,cooling-capacity basics,basics/cooling-capacity,"author, editor and official sources required",editorial,draft,noindex,/guides/basics/cooling-capacity/,2026-08-20,20
/guides/basics/heating-capacity/,article,Экспертное руководство: heating-capacity для basics,heating-capacity basics,basics/heating-capacity,"author, editor and official sources required",editorial,draft,noindex,/guides/basics/heating-capacity/,2026-08-20,20
/guides/basics/seer-and-scop/,article,Экспертное руководство: seer-and-scop для basics,seer-and-scop basics,basics/seer-and-scop,"author, editor and official sources required",editorial,draft,noindex,/guides/basics/seer-and-scop/,2026-08-20,20
/guides/basics/eer-and-cop/,article,Экспертное руководство: eer-and-cop для basics,eer-and-cop basics,basics/eer-and-cop,"author, editor and official sources required",editorial,draft,noindex,/guides/basics/eer-and-cop/,2026-08-20,20
/guides/basics/energy-class/,article,Экспертное руководство: energy-class для basics,energy-class basics,basics/energy-class,"author, editor and official sources required",editorial,draft,noindex,/guides/basics/energy-class/,2026-08-20,20
/guides/basics/indoor-noise/,article,Экспертное руководство: indoor-noise для basics,indoor-noise basics,basics/indoor-noise,"author, editor and official sources required",editorial,draft,noindex,/guides/basics/indoor-noise/,2026-08-20,20
/guides/basics/airflow/,article,Экспертное руководство: airflow для basics,airflow basics,basics/airflow,"author, editor and official sources required",editorial,draft,noindex,/guides/basics/airflow/,2026-08-20,20
/guides/basics/operating-temperatures/,article,Экспертное руководство: operating-temperatures для basics,operating-temperatures basics,basics/operating-temperatures,"author, editor and official sources required",editorial,draft,noindex,/guides/basics/operating-temperatures/,2026-08-20,20
/guides/basics/refrigerant-r32/,article,Экспертное руководство: refrigerant-r32 для basics,refrigerant-r32 basics,basics/refrigerant-r32,"author, editor and official sources required",editorial,draft,noindex,/guides/basics/refrigerant-r32/,2026-08-20,20
/guides/basics/wifi-control/,article,Экспертное руководство: wifi-control для basics,wifi-control basics,basics/wifi-control,"author, editor and official sources required",editorial,draft,noindex,/guides/basics/wifi-control/,2026-08-20,20
/guides/basics/voice-assistants/,article,Экспертное руководство: voice-assistants для basics,voice-assistants basics,basics/voice-assistants,"author, editor and official sources required",editorial,draft,noindex,/guides/basics/voice-assistants/,2026-08-20,20
/guides/basics/self-cleaning/,article,Экспертное руководство: self-cleaning для basics,self-cleaning basics,basics/self-cleaning,"author, editor and official sources required",editorial,draft,noindex,/guides/basics/self-cleaning/,2026-08-20,20
/guides/basics/blue-fin/,article,Экспертное руководство: blue-fin для basics,blue-fin basics,basics/blue-fin,"author, editor and official sources required",editorial,draft,noindex,/guides/basics/blue-fin/,2026-08-20,20
/guides/basics/installation-route/,article,Экспертное руководство: installation-route для basics,installation-route basics,basics/installation-route,"author, editor and official sources required",editorial,draft,noindex,/guides/basics/installation-route/,2026-08-20,20
/guides/basics/condensate-drainage/,article,Экспертное руководство: condensate-drainage для basics,condensate-drainage basics,basics/condensate-drainage,"author, editor and official sources required",editorial,draft,noindex,/guides/basics/condensate-drainage/,2026-08-20,20
/guides/basics/electrical-requirements/,article,Экспертное руководство: electrical-requirements для basics,electrical-requirements basics,basics/electrical-requirements,"author, editor and official sources required",editorial,draft,noindex,/guides/basics/electrical-requirements/,2026-08-20,20
/guides/basics/outdoor-unit-placement/,article,Экспертное руководство: outdoor-unit-placement для basics,outdoor-unit-placement basics,basics/outdoor-unit-placement,"author, editor and official sources required",editorial,draft,noindex,/guides/basics/outdoor-unit-placement/,2026-08-20,20
/guides/basics/indoor-unit-placement/,article,Экспертное руководство: indoor-unit-placement для basics,indoor-unit-placement basics,basics/indoor-unit-placement,"author, editor and official sources required",editorial,draft,noindex,/guides/basics/indoor-unit-placement/,2026-08-20,20
/guides/basics/fresh-air-basics/,article,Экспертное руководство: fresh-air-basics для basics,fresh-air-basics basics,basics/fresh-air-basics,"author, editor and official sources required",editorial,draft,noindex,/guides/basics/fresh-air-basics/,2026-08-20,20
/guides/basics/ventilation-vs-air-conditioning/,article,Экспертное руководство: ventilation-vs-air-conditioning для basics,ventilation-vs-air-conditioning basics,basics/ventilation-vs-air-conditioning,"author, editor and official sources required",editorial,draft,noindex,/guides/basics/ventilation-vs-air-conditioning/,2026-08-20,20
/guides/basics/filter-care/,article,Экспертное руководство: filter-care для basics,filter-care basics,basics/filter-care,"author, editor and official sources required",editorial,draft,noindex,/guides/basics/filter-care/,2026-08-20,20
/guides/basics/seasonal-maintenance/,article,Экспертное руководство: seasonal-maintenance для basics,seasonal-maintenance basics,basics/seasonal-maintenance,"author, editor and official sources required",editorial,draft,noindex,/guides/basics/seasonal-maintenance/,2026-08-20,20
/guides/basics/warranty-documents/,article,Экспертное руководство: warranty-documents для basics,warranty-documents basics,basics/warranty-documents,"author, editor and official sources required",editorial,draft,noindex,/guides/basics/warranty-documents/,2026-08-20,20
/guides/basics/how-to-compare-models/,article,Экспертное руководство: how-to-compare-models для basics,how-to-compare-models basics,basics/how-to-compare-models,"author, editor and official sources required",editorial,draft,noindex,/guides/basics/how-to-compare-models/,2026-08-20,20
/guides/basics/how-to-prepare-plans/,article,Экспертное руководство: how-to-prepare-plans для basics,how-to-prepare-plans basics,basics/how-to-prepare-plans,"author, editor and official sources required",editorial,draft,noindex,/guides/basics/how-to-prepare-plans/,2026-08-20,20
/guides/basics/questions-for-engineer/,article,Экспертное руководство: questions-for-engineer для basics,questions-for-engineer basics,basics/questions-for-engineer,"author, editor and official sources required",editorial,draft,noindex,/guides/basics/questions-for-engineer/,2026-08-20,20
/guides/home/what-is-vrf/,article,Экспертное руководство: what-is-vrf для home,what-is-vrf home,home/what-is-vrf,"author, editor and official sources required",editorial,draft,noindex,/guides/home/what-is-vrf/,2026-08-20,20
/guides/home/split-vs-multi-split/,article,Экспертное руководство: split-vs-multi-split для home,split-vs-multi-split home,home/split-vs-multi-split,"author, editor and official sources required",editorial,draft,noindex,/guides/home/split-vs-multi-split/,2026-08-20,20
/guides/home/inverter-vs-on-off/,article,Экспертное руководство: inverter-vs-on-off для home,inverter-vs-on-off home,home/inverter-vs-on-off,"author, editor and official sources required",editorial,draft,noindex,/guides/home/inverter-vs-on-off/,2026-08-20,20
/guides/home/how-to-read-model-name/,article,Экспертное руководство: how-to-read-model-name для home,how-to-read-model-name home,home/how-to-read-model-name,"author, editor and official sources required",editorial,draft,noindex,/guides/home/how-to-read-model-name/,2026-08-20,20
/guides/home/cooling-capacity/,article,Экспертное руководство: cooling-capacity для home,cooling-capacity home,home/cooling-capacity,"author, editor and official sources required",editorial,draft,noindex,/guides/home/cooling-capacity/,2026-08-20,20
/guides/home/heating-capacity/,article,Экспертное руководство: heating-capacity для home,heating-capacity home,home/heating-capacity,"author, editor and official sources required",editorial,draft,noindex,/guides/home/heating-capacity/,2026-08-20,20
/guides/home/seer-and-scop/,article,Экспертное руководство: seer-and-scop для home,seer-and-scop home,home/seer-and-scop,"author, editor and official sources required",editorial,draft,noindex,/guides/home/seer-and-scop/,2026-08-20,20
/guides/home/eer-and-cop/,article,Экспертное руководство: eer-and-cop для home,eer-and-cop home,home/eer-and-cop,"author, editor and official sources required",editorial,draft,noindex,/guides/home/eer-and-cop/,2026-08-20,20
/guides/home/energy-class/,article,Экспертное руководство: energy-class для home,energy-class home,home/energy-class,"author, editor and official sources required",editorial,draft,noindex,/guides/home/energy-class/,2026-08-20,20
/guides/home/indoor-noise/,article,Экспертное руководство: indoor-noise для home,indoor-noise home,home/indoor-noise,"author, editor and official sources required",editorial,draft,noindex,/guides/home/indoor-noise/,2026-08-20,20
/guides/home/airflow/,article,Экспертное руководство: airflow для home,airflow home,home/airflow,"author, editor and official sources required",editorial,draft,noindex,/guides/home/airflow/,2026-08-20,20
/guides/home/operating-temperatures/,article,Экспертное руководство: operating-temperatures для home,operating-temperatures home,home/operating-temperatures,"author, editor and official sources required",editorial,draft,noindex,/guides/home/operating-temperatures/,2026-08-20,20
/guides/home/refrigerant-r32/,article,Экспертное руководство: refrigerant-r32 для home,refrigerant-r32 home,home/refrigerant-r32,"author, editor and official sources required",editorial,draft,noindex,/guides/home/refrigerant-r32/,2026-08-20,20
/guides/home/wifi-control/,article,Экспертное руководство: wifi-control для home,wifi-control home,home/wifi-control,"author, editor and official sources required",editorial,draft,noindex,/guides/home/wifi-control/,2026-08-20,20
/guides/home/voice-assistants/,article,Экспертное руководство: voice-assistants для home,voice-assistants home,home/voice-assistants,"author, editor and official sources required",editorial,draft,noindex,/guides/home/voice-assistants/,2026-08-20,20
/guides/home/self-cleaning/,article,Экспертное руководство: self-cleaning для home,self-cleaning home,home/self-cleaning,"author, editor and official sources required",editorial,draft,noindex,/guides/home/self-cleaning/,2026-08-20,20
/guides/home/blue-fin/,article,Экспертное руководство: blue-fin для home,blue-fin home,home/blue-fin,"author, editor and official sources required",editorial,draft,noindex,/guides/home/blue-fin/,2026-08-20,20
/guides/home/installation-route/,article,Экспертное руководство: installation-route для home,installation-route home,home/installation-route,"author, editor and official sources required",editorial,draft,noindex,/guides/home/installation-route/,2026-08-20,20
/guides/home/condensate-drainage/,article,Экспертное руководство: condensate-drainage для home,condensate-drainage home,home/condensate-drainage,"author, editor and official sources required",editorial,draft,noindex,/guides/home/condensate-drainage/,2026-08-20,20
/guides/home/electrical-requirements/,article,Экспертное руководство: electrical-requirements для home,electrical-requirements home,home/electrical-requirements,"author, editor and official sources required",editorial,draft,noindex,/guides/home/electrical-requirements/,2026-08-20,20
/guides/home/outdoor-unit-placement/,article,Экспертное руководство: outdoor-unit-placement для home,outdoor-unit-placement home,home/outdoor-unit-placement,"author, editor and official sources required",editorial,draft,noindex,/guides/home/outdoor-unit-placement/,2026-08-20,20
/guides/home/indoor-unit-placement/,article,Экспертное руководство: indoor-unit-placement для home,indoor-unit-placement home,home/indoor-unit-placement,"author, editor and official sources required",editorial,draft,noindex,/guides/home/indoor-unit-placement/,2026-08-20,20
/guides/home/fresh-air-basics/,article,Экспертное руководство: fresh-air-basics для home,fresh-air-basics home,home/fresh-air-basics,"author, editor and official sources required",editorial,draft,noindex,/guides/home/fresh-air-basics/,2026-08-20,20
/guides/home/ventilation-vs-air-conditioning/,article,Экспертное руководство: ventilation-vs-air-conditioning для home,ventilation-vs-air-conditioning home,home/ventilation-vs-air-conditioning,"author, editor and official sources required",editorial,draft,noindex,/guides/home/ventilation-vs-air-conditioning/,2026-08-20,20
/guides/home/filter-care/,article,Экспертное руководство: filter-care для home,filter-care home,home/filter-care,"author, editor and official sources required",editorial,draft,noindex,/guides/home/filter-care/,2026-08-20,20
/guides/home/seasonal-maintenance/,article,Экспертное руководство: seasonal-maintenance для home,seasonal-maintenance home,home/seasonal-maintenance,"author, editor and official sources required",editorial,draft,noindex,/guides/home/seasonal-maintenance/,2026-08-20,20
/guides/home/warranty-documents/,article,Экспертное руководство: warranty-documents для home,warranty-documents home,home/warranty-documents,"author, editor and official sources required",editorial,draft,noindex,/guides/home/warranty-documents/,2026-08-20,20
/guides/home/how-to-compare-models/,article,Экспертное руководство: how-to-compare-models для home,how-to-compare-models home,home/how-to-compare-models,"author, editor and official sources required",editorial,draft,noindex,/guides/home/how-to-compare-models/,2026-08-20,20
/guides/home/how-to-prepare-plans/,article,Экспертное руководство: how-to-prepare-plans для home,how-to-prepare-plans home,home/how-to-prepare-plans,"author, editor and official sources required",editorial,draft,noindex,/guides/home/how-to-prepare-plans/,2026-08-20,20
/guides/home/questions-for-engineer/,article,Экспертное руководство: questions-for-engineer для home,questions-for-engineer home,home/questions-for-engineer,"author, editor and official sources required",editorial,draft,noindex,/guides/home/questions-for-engineer/,2026-08-20,20
/guides/business/what-is-vrf/,article,Экспертное руководство: what-is-vrf для business,what-is-vrf business,business/what-is-vrf,"author, editor and official sources required",editorial,draft,noindex,/guides/business/what-is-vrf/,2026-08-20,20
/guides/business/split-vs-multi-split/,article,Экспертное руководство: split-vs-multi-split для business,split-vs-multi-split business,business/split-vs-multi-split,"author, editor and official sources required",editorial,draft,noindex,/guides/business/split-vs-multi-split/,2026-08-20,20
/guides/business/inverter-vs-on-off/,article,Экспертное руководство: inverter-vs-on-off для business,inverter-vs-on-off business,business/inverter-vs-on-off,"author, editor and official sources required",editorial,draft,noindex,/guides/business/inverter-vs-on-off/,2026-08-20,20
/guides/business/how-to-read-model-name/,article,Экспертное руководство: how-to-read-model-name для business,how-to-read-model-name business,business/how-to-read-model-name,"author, editor and official sources required",editorial,draft,noindex,/guides/business/how-to-read-model-name/,2026-08-20,20
/guides/business/cooling-capacity/,article,Экспертное руководство: cooling-capacity для business,cooling-capacity business,business/cooling-capacity,"author, editor and official sources required",editorial,draft,noindex,/guides/business/cooling-capacity/,2026-08-20,20
/guides/business/heating-capacity/,article,Экспертное руководство: heating-capacity для business,heating-capacity business,business/heating-capacity,"author, editor and official sources required",editorial,draft,noindex,/guides/business/heating-capacity/,2026-08-20,20
/guides/business/seer-and-scop/,article,Экспертное руководство: seer-and-scop для business,seer-and-scop business,business/seer-and-scop,"author, editor and official sources required",editorial,draft,noindex,/guides/business/seer-and-scop/,2026-08-20,20
/guides/business/eer-and-cop/,article,Экспертное руководство: eer-and-cop для business,eer-and-cop business,business/eer-and-cop,"author, editor and official sources required",editorial,draft,noindex,/guides/business/eer-and-cop/,2026-08-20,20
/guides/business/energy-class/,article,Экспертное руководство: energy-class для business,energy-class business,business/energy-class,"author, editor and official sources required",editorial,draft,noindex,/guides/business/energy-class/,2026-08-20,20
/guides/business/indoor-noise/,article,Экспертное руководство: indoor-noise для business,indoor-noise business,business/indoor-noise,"author, editor and official sources required",editorial,draft,noindex,/guides/business/indoor-noise/,2026-08-20,20
/guides/business/airflow/,article,Экспертное руководство: airflow для business,airflow business,business/airflow,"author, editor and official sources required",editorial,draft,noindex,/guides/business/airflow/,2026-08-20,20
/guides/business/operating-temperatures/,article,Экспертное руководство: operating-temperatures для business,operating-temperatures business,business/operating-temperatures,"author, editor and official sources required",editorial,draft,noindex,/guides/business/operating-temperatures/,2026-08-20,20
/guides/business/refrigerant-r32/,article,Экспертное руководство: refrigerant-r32 для business,refrigerant-r32 business,business/refrigerant-r32,"author, editor and official sources required",editorial,draft,noindex,/guides/business/refrigerant-r32/,2026-08-20,20
/guides/business/wifi-control/,article,Экспертное руководство: wifi-control для business,wifi-control business,business/wifi-control,"author, editor and official sources required",editorial,draft,noindex,/guides/business/wifi-control/,2026-08-20,20
/guides/business/voice-assistants/,article,Экспертное руководство: voice-assistants для business,voice-assistants business,business/voice-assistants,"author, editor and official sources required",editorial,draft,noindex,/guides/business/voice-assistants/,2026-08-20,20
/guides/business/self-cleaning/,article,Экспертное руководство: self-cleaning для business,self-cleaning business,business/self-cleaning,"author, editor and official sources required",editorial,draft,noindex,/guides/business/self-cleaning/,2026-08-20,20
/guides/business/blue-fin/,article,Экспертное руководство: blue-fin для business,blue-fin business,business/blue-fin,"author, editor and official sources required",editorial,draft,noindex,/guides/business/blue-fin/,2026-08-20,20
/guides/business/installation-route/,article,Экспертное руководство: installation-route для business,installation-route business,business/installation-route,"author, editor and official sources required",editorial,draft,noindex,/guides/business/installation-route/,2026-08-20,20
/guides/business/condensate-drainage/,article,Экспертное руководство: condensate-drainage для business,condensate-drainage business,business/condensate-drainage,"author, editor and official sources required",editorial,draft,noindex,/guides/business/condensate-drainage/,2026-08-20,20
/guides/business/electrical-requirements/,article,Экспертное руководство: electrical-requirements для business,electrical-requirements business,business/electrical-requirements,"author, editor and official sources required",editorial,draft,noindex,/guides/business/electrical-requirements/,2026-08-20,20
/guides/business/outdoor-unit-placement/,article,Экспертное руководство: outdoor-unit-placement для business,outdoor-unit-placement business,business/outdoor-unit-placement,"author, editor and official sources required",editorial,draft,noindex,/guides/business/outdoor-unit-placement/,2026-08-20,20
/guides/business/indoor-unit-placement/,article,Экспертное руководство: indoor-unit-placement для business,indoor-unit-placement business,business/indoor-unit-placement,"author, editor and official sources required",editorial,draft,noindex,/guides/business/indoor-unit-placement/,2026-08-20,20
/guides/business/fresh-air-basics/,article,Экспертное руководство: fresh-air-basics для business,fresh-air-basics business,business/fresh-air-basics,"author, editor and official sources required",editorial,draft,noindex,/guides/business/fresh-air-basics/,2026-08-20,20
/guides/business/ventilation-vs-air-conditioning/,article,Экспертное руководство: ventilation-vs-air-conditioning для business,ventilation-vs-air-conditioning business,business/ventilation-vs-air-conditioning,"author, editor and official sources required",editorial,draft,noindex,/guides/business/ventilation-vs-air-conditioning/,2026-08-20,20
/guides/business/filter-care/,article,Экспертное руководство: filter-care для business,filter-care business,business/filter-care,"author, editor and official sources required",editorial,draft,noindex,/guides/business/filter-care/,2026-08-20,20
/guides/business/seasonal-maintenance/,article,Экспертное руководство: seasonal-maintenance для business,seasonal-maintenance business,business/seasonal-maintenance,"author, editor and official sources required",editorial,draft,noindex,/guides/business/seasonal-maintenance/,2026-08-20,20
/guides/business/warranty-documents/,article,Экспертное руководство: warranty-documents для business,warranty-documents business,business/warranty-documents,"author, editor and official sources required",editorial,draft,noindex,/guides/business/warranty-documents/,2026-08-20,20
/guides/business/how-to-compare-models/,article,Экспертное руководство: how-to-compare-models для business,how-to-compare-models business,business/how-to-compare-models,"author, editor and official sources required",editorial,draft,noindex,/guides/business/how-to-compare-models/,2026-08-20,20
/guides/business/how-to-prepare-plans/,article,Экспертное руководство: how-to-prepare-plans для business,how-to-prepare-plans business,business/how-to-prepare-plans,"author, editor and official sources required",editorial,draft,noindex,/guides/business/how-to-prepare-plans/,2026-08-20,20
/guides/business/questions-for-engineer/,article,Экспертное руководство: questions-for-engineer для business,questions-for-engineer business,business/questions-for-engineer,"author, editor and official sources required",editorial,draft,noindex,/guides/business/questions-for-engineer/,2026-08-20,20
/guides/engineering/what-is-vrf/,article,Экспертное руководство: what-is-vrf для engineering,what-is-vrf engineering,engineering/what-is-vrf,"author, editor and official sources required",editorial,draft,noindex,/guides/engineering/what-is-vrf/,2026-08-20,20
/guides/engineering/split-vs-multi-split/,article,Экспертное руководство: split-vs-multi-split для engineering,split-vs-multi-split engineering,engineering/split-vs-multi-split,"author, editor and official sources required",editorial,draft,noindex,/guides/engineering/split-vs-multi-split/,2026-08-20,20
/guides/engineering/inverter-vs-on-off/,article,Экспертное руководство: inverter-vs-on-off для engineering,inverter-vs-on-off engineering,engineering/inverter-vs-on-off,"author, editor and official sources required",editorial,draft,noindex,/guides/engineering/inverter-vs-on-off/,2026-08-20,20
/guides/engineering/how-to-read-model-name/,article,Экспертное руководство: how-to-read-model-name для engineering,how-to-read-model-name engineering,engineering/how-to-read-model-name,"author, editor and official sources required",editorial,draft,noindex,/guides/engineering/how-to-read-model-name/,2026-08-20,20
/guides/engineering/cooling-capacity/,article,Экспертное руководство: cooling-capacity для engineering,cooling-capacity engineering,engineering/cooling-capacity,"author, editor and official sources required",editorial,draft,noindex,/guides/engineering/cooling-capacity/,2026-08-20,20
/guides/engineering/heating-capacity/,article,Экспертное руководство: heating-capacity для engineering,heating-capacity engineering,engineering/heating-capacity,"author, editor and official sources required",editorial,draft,noindex,/guides/engineering/heating-capacity/,2026-08-20,20
/guides/engineering/seer-and-scop/,article,Экспертное руководство: seer-and-scop для engineering,seer-and-scop engineering,engineering/seer-and-scop,"author, editor and official sources required",editorial,draft,noindex,/guides/engineering/seer-and-scop/,2026-08-20,20
/guides/engineering/eer-and-cop/,article,Экспертное руководство: eer-and-cop для engineering,eer-and-cop engineering,engineering/eer-and-cop,"author, editor and official sources required",editorial,draft,noindex,/guides/engineering/eer-and-cop/,2026-08-20,20
/guides/engineering/energy-class/,article,Экспертное руководство: energy-class для engineering,energy-class engineering,engineering/energy-class,"author, editor and official sources required",editorial,draft,noindex,/guides/engineering/energy-class/,2026-08-20,20
/guides/engineering/indoor-noise/,article,Экспертное руководство: indoor-noise для engineering,indoor-noise engineering,engineering/indoor-noise,"author, editor and official sources required",editorial,draft,noindex,/guides/engineering/indoor-noise/,2026-08-20,20
/guides/engineering/airflow/,article,Экспертное руководство: airflow для engineering,airflow engineering,engineering/airflow,"author, editor and official sources required",editorial,draft,noindex,/guides/engineering/airflow/,2026-08-20,20
/guides/engineering/operating-temperatures/,article,Экспертное руководство: operating-temperatures для engineering,operating-temperatures engineering,engineering/operating-temperatures,"author, editor and official sources required",editorial,draft,noindex,/guides/engineering/operating-temperatures/,2026-08-20,20
/guides/engineering/refrigerant-r32/,article,Экспертное руководство: refrigerant-r32 для engineering,refrigerant-r32 engineering,engineering/refrigerant-r32,"author, editor and official sources required",editorial,draft,noindex,/guides/engineering/refrigerant-r32/,2026-08-20,20
/guides/engineering/wifi-control/,article,Экспертное руководство: wifi-control для engineering,wifi-control engineering,engineering/wifi-control,"author, editor and official sources required",editorial,draft,noindex,/guides/engineering/wifi-control/,2026-08-20,20
/guides/engineering/voice-assistants/,article,Экспертное руководство: voice-assistants для engineering,voice-assistants engineering,engineering/voice-assistants,"author, editor and official sources required",editorial,draft,noindex,/guides/engineering/voice-assistants/,2026-08-20,20
/guides/engineering/self-cleaning/,article,Экспертное руководство: self-cleaning для engineering,self-cleaning engineering,engineering/self-cleaning,"author, editor and official sources required",editorial,draft,noindex,/guides/engineering/self-cleaning/,2026-08-20,20
/guides/engineering/blue-fin/,article,Экспертное руководство: blue-fin для engineering,blue-fin engineering,engineering/blue-fin,"author, editor and official sources required",editorial,draft,noindex,/guides/engineering/blue-fin/,2026-08-20,20
/guides/engineering/installation-route/,article,Экспертное руководство: installation-route для engineering,installation-route engineering,engineering/installation-route,"author, editor and official sources required",editorial,draft,noindex,/guides/engineering/installation-route/,2026-08-20,20
/guides/engineering/condensate-drainage/,article,Экспертное руководство: condensate-drainage для engineering,condensate-drainage engineering,engineering/condensate-drainage,"author, editor and official sources required",editorial,draft,noindex,/guides/engineering/condensate-drainage/,2026-08-20,20
/guides/engineering/electrical-requirements/,article,Экспертное руководство: electrical-requirements для engineering,electrical-requirements engineering,engineering/electrical-requirements,"author, editor and official sources required",editorial,draft,noindex,/guides/engineering/electrical-requirements/,2026-08-20,20
/guides/engineering/outdoor-unit-placement/,article,Экспертное руководство: outdoor-unit-placement для engineering,outdoor-unit-placement engineering,engineering/outdoor-unit-placement,"author, editor and official sources required",editorial,draft,noindex,/guides/engineering/outdoor-unit-placement/,2026-08-20,20
/guides/engineering/indoor-unit-placement/,article,Экспертное руководство: indoor-unit-placement для engineering,indoor-unit-placement engineering,engineering/indoor-unit-placement,"author, editor and official sources required",editorial,draft,noindex,/guides/engineering/indoor-unit-placement/,2026-08-20,20
/guides/engineering/fresh-air-basics/,article,Экспертное руководство: fresh-air-basics для engineering,fresh-air-basics engineering,engineering/fresh-air-basics,"author, editor and official sources required",editorial,draft,noindex,/guides/engineering/fresh-air-basics/,2026-08-20,20
/guides/engineering/ventilation-vs-air-conditioning/,article,Экспертное руководство: ventilation-vs-air-conditioning для engineering,ventilation-vs-air-conditioning engineering,engineering/ventilation-vs-air-conditioning,"author, editor and official sources required",editorial,draft,noindex,/guides/engineering/ventilation-vs-air-conditioning/,2026-08-20,20
/guides/engineering/filter-care/,article,Экспертное руководство: filter-care для engineering,filter-care engineering,engineering/filter-care,"author, editor and official sources required",editorial,draft,noindex,/guides/engineering/filter-care/,2026-08-20,20
/guides/engineering/seasonal-maintenance/,article,Экспертное руководство: seasonal-maintenance для engineering,seasonal-maintenance engineering,engineering/seasonal-maintenance,"author, editor and official sources required",editorial,draft,noindex,/guides/engineering/seasonal-maintenance/,2026-08-20,20
/guides/engineering/warranty-documents/,article,Экспертное руководство: warranty-documents для engineering,warranty-documents engineering,engineering/warranty-documents,"author, editor and official sources required",editorial,draft,noindex,/guides/engineering/warranty-documents/,2026-08-20,20
/guides/engineering/how-to-compare-models/,article,Экспертное руководство: how-to-compare-models для engineering,how-to-compare-models engineering,engineering/how-to-compare-models,"author, editor and official sources required",editorial,draft,noindex,/guides/engineering/how-to-compare-models/,2026-08-20,20
/guides/engineering/how-to-prepare-plans/,article,Экспертное руководство: how-to-prepare-plans для engineering,how-to-prepare-plans engineering,engineering/how-to-prepare-plans,"author, editor and official sources required",editorial,draft,noindex,/guides/engineering/how-to-prepare-plans/,2026-08-20,20
/guides/engineering/questions-for-engineer/,article,Экспертное руководство: questions-for-engineer для engineering,questions-for-engineer engineering,engineering/questions-for-engineer,"author, editor and official sources required",editorial,draft,noindex,/guides/engineering/questions-for-engineer/,2026-08-20,20
/diagnostics/split/not-cooling/,diagnostic,Безопасная первичная проверка: split not-cooling,split not-cooling,split/not-cooling,service manual and safety review required,service-editor,draft,noindex,/diagnostics/split/not-cooling/,2026-08-20,20
/diagnostics/split/weak-airflow/,diagnostic,Безопасная первичная проверка: split weak-airflow,split weak-airflow,split/weak-airflow,service manual and safety review required,service-editor,draft,noindex,/diagnostics/split/weak-airflow/,2026-08-20,20
/diagnostics/split/water-leak/,diagnostic,Безопасная первичная проверка: split water-leak,split water-leak,split/water-leak,service manual and safety review required,service-editor,draft,noindex,/diagnostics/split/water-leak/,2026-08-20,20
/diagnostics/split/unusual-noise/,diagnostic,Безопасная первичная проверка: split unusual-noise,split unusual-noise,split/unusual-noise,service manual and safety review required,service-editor,draft,noindex,/diagnostics/split/unusual-noise/,2026-08-20,20
/diagnostics/split/vibration/,diagnostic,Безопасная первичная проверка: split vibration,split vibration,split/vibration,service manual and safety review required,service-editor,draft,noindex,/diagnostics/split/vibration/,2026-08-20,20
/diagnostics/split/bad-smell/,diagnostic,Безопасная первичная проверка: split bad-smell,split bad-smell,split/bad-smell,service manual and safety review required,service-editor,draft,noindex,/diagnostics/split/bad-smell/,2026-08-20,20
/diagnostics/split/not-starting/,diagnostic,Безопасная первичная проверка: split not-starting,split not-starting,split/not-starting,service manual and safety review required,service-editor,draft,noindex,/diagnostics/split/not-starting/,2026-08-20,20
/diagnostics/split/turns-off/,diagnostic,Безопасная первичная проверка: split turns-off,split turns-off,split/turns-off,service manual and safety review required,service-editor,draft,noindex,/diagnostics/split/turns-off/,2026-08-20,20
/diagnostics/split/ice-on-unit/,diagnostic,Безопасная первичная проверка: split ice-on-unit,split ice-on-unit,split/ice-on-unit,service manual and safety review required,service-editor,draft,noindex,/diagnostics/split/ice-on-unit/,2026-08-20,20
/diagnostics/split/error-code/,diagnostic,Безопасная первичная проверка: split error-code,split error-code,split/error-code,service manual and safety review required,service-editor,draft,noindex,/diagnostics/split/error-code/,2026-08-20,20
/diagnostics/split/remote-not-working/,diagnostic,Безопасная первичная проверка: split remote-not-working,split remote-not-working,split/remote-not-working,service manual and safety review required,service-editor,draft,noindex,/diagnostics/split/remote-not-working/,2026-08-20,20
/diagnostics/split/wifi-not-connecting/,diagnostic,Безопасная первичная проверка: split wifi-not-connecting,split wifi-not-connecting,split/wifi-not-connecting,service manual and safety review required,service-editor,draft,noindex,/diagnostics/split/wifi-not-connecting/,2026-08-20,20
/diagnostics/split/heating-poorly/,diagnostic,Безопасная первичная проверка: split heating-poorly,split heating-poorly,split/heating-poorly,service manual and safety review required,service-editor,draft,noindex,/diagnostics/split/heating-poorly/,2026-08-20,20
/diagnostics/split/outdoor-unit-noise/,diagnostic,Безопасная первичная проверка: split outdoor-unit-noise,split outdoor-unit-noise,split/outdoor-unit-noise,service manual and safety review required,service-editor,draft,noindex,/diagnostics/split/outdoor-unit-noise/,2026-08-20,20
/diagnostics/split/high-electricity-use/,diagnostic,Безопасная первичная проверка: split high-electricity-use,split high-electricity-use,split/high-electricity-use,service manual and safety review required,service-editor,draft,noindex,/diagnostics/split/high-electricity-use/,2026-08-20,20
/diagnostics/split/frequent-cycling/,diagnostic,Безопасная первичная проверка: split frequent-cycling,split frequent-cycling,split/frequent-cycling,service manual and safety review required,service-editor,draft,noindex,/diagnostics/split/frequent-cycling/,2026-08-20,20
/diagnostics/split/condensate-problem/,diagnostic,Безопасная первичная проверка: split condensate-problem,split condensate-problem,split/condensate-problem,service manual and safety review required,service-editor,draft,noindex,/diagnostics/split/condensate-problem/,2026-08-20,20
/diagnostics/split/filter-warning/,diagnostic,Безопасная первичная проверка: split filter-warning,split filter-warning,split/filter-warning,service manual and safety review required,service-editor,draft,noindex,/diagnostics/split/filter-warning/,2026-08-20,20
/diagnostics/split/after-power-outage/,diagnostic,Безопасная первичная проверка: split after-power-outage,split after-power-outage,split/after-power-outage,service manual and safety review required,service-editor,draft,noindex,/diagnostics/split/after-power-outage/,2026-08-20,20
/diagnostics/split/seasonal-start-problem/,diagnostic,Безопасная первичная проверка: split seasonal-start-problem,split seasonal-start-problem,split/seasonal-start-problem,service manual and safety review required,service-editor,draft,noindex,/diagnostics/split/seasonal-start-problem/,2026-08-20,20
/diagnostics/multi-split/not-cooling/,diagnostic,Безопасная первичная проверка: multi-split not-cooling,multi-split not-cooling,multi-split/not-cooling,service manual and safety review required,service-editor,draft,noindex,/diagnostics/multi-split/not-cooling/,2026-08-20,20
/diagnostics/multi-split/weak-airflow/,diagnostic,Безопасная первичная проверка: multi-split weak-airflow,multi-split weak-airflow,multi-split/weak-airflow,service manual and safety review required,service-editor,draft,noindex,/diagnostics/multi-split/weak-airflow/,2026-08-20,20
/diagnostics/multi-split/water-leak/,diagnostic,Безопасная первичная проверка: multi-split water-leak,multi-split water-leak,multi-split/water-leak,service manual and safety review required,service-editor,draft,noindex,/diagnostics/multi-split/water-leak/,2026-08-20,20
/diagnostics/multi-split/unusual-noise/,diagnostic,Безопасная первичная проверка: multi-split unusual-noise,multi-split unusual-noise,multi-split/unusual-noise,service manual and safety review required,service-editor,draft,noindex,/diagnostics/multi-split/unusual-noise/,2026-08-20,20
/diagnostics/multi-split/vibration/,diagnostic,Безопасная первичная проверка: multi-split vibration,multi-split vibration,multi-split/vibration,service manual and safety review required,service-editor,draft,noindex,/diagnostics/multi-split/vibration/,2026-08-20,20
/diagnostics/multi-split/bad-smell/,diagnostic,Безопасная первичная проверка: multi-split bad-smell,multi-split bad-smell,multi-split/bad-smell,service manual and safety review required,service-editor,draft,noindex,/diagnostics/multi-split/bad-smell/,2026-08-20,20
/diagnostics/multi-split/not-starting/,diagnostic,Безопасная первичная проверка: multi-split not-starting,multi-split not-starting,multi-split/not-starting,service manual and safety review required,service-editor,draft,noindex,/diagnostics/multi-split/not-starting/,2026-08-20,20
/diagnostics/multi-split/turns-off/,diagnostic,Безопасная первичная проверка: multi-split turns-off,multi-split turns-off,multi-split/turns-off,service manual and safety review required,service-editor,draft,noindex,/diagnostics/multi-split/turns-off/,2026-08-20,20
/diagnostics/multi-split/ice-on-unit/,diagnostic,Безопасная первичная проверка: multi-split ice-on-unit,multi-split ice-on-unit,multi-split/ice-on-unit,service manual and safety review required,service-editor,draft,noindex,/diagnostics/multi-split/ice-on-unit/,2026-08-20,20
/diagnostics/multi-split/error-code/,diagnostic,Безопасная первичная проверка: multi-split error-code,multi-split error-code,multi-split/error-code,service manual and safety review required,service-editor,draft,noindex,/diagnostics/multi-split/error-code/,2026-08-20,20
/diagnostics/multi-split/remote-not-working/,diagnostic,Безопасная первичная проверка: multi-split remote-not-working,multi-split remote-not-working,multi-split/remote-not-working,service manual and safety review required,service-editor,draft,noindex,/diagnostics/multi-split/remote-not-working/,2026-08-20,20
/diagnostics/multi-split/wifi-not-connecting/,diagnostic,Безопасная первичная проверка: multi-split wifi-not-connecting,multi-split wifi-not-connecting,multi-split/wifi-not-connecting,service manual and safety review required,service-editor,draft,noindex,/diagnostics/multi-split/wifi-not-connecting/,2026-08-20,20
/diagnostics/multi-split/heating-poorly/,diagnostic,Безопасная первичная проверка: multi-split heating-poorly,multi-split heating-poorly,multi-split/heating-poorly,service manual and safety review required,service-editor,draft,noindex,/diagnostics/multi-split/heating-poorly/,2026-08-20,20
/diagnostics/multi-split/outdoor-unit-noise/,diagnostic,Безопасная первичная проверка: multi-split outdoor-unit-noise,multi-split outdoor-unit-noise,multi-split/outdoor-unit-noise,service manual and safety review required,service-editor,draft,noindex,/diagnostics/multi-split/outdoor-unit-noise/,2026-08-20,20
/diagnostics/multi-split/high-electricity-use/,diagnostic,Безопасная первичная проверка: multi-split high-electricity-use,multi-split high-electricity-use,multi-split/high-electricity-use,service manual and safety review required,service-editor,draft,noindex,/diagnostics/multi-split/high-electricity-use/,2026-08-20,20
/diagnostics/multi-split/frequent-cycling/,diagnostic,Безопасная первичная проверка: multi-split frequent-cycling,multi-split frequent-cycling,multi-split/frequent-cycling,service manual and safety review required,service-editor,draft,noindex,/diagnostics/multi-split/frequent-cycling/,2026-08-20,20
/diagnostics/multi-split/condensate-problem/,diagnostic,Безопасная первичная проверка: multi-split condensate-problem,multi-split condensate-problem,multi-split/condensate-problem,service manual and safety review required,service-editor,draft,noindex,/diagnostics/multi-split/condensate-problem/,2026-08-20,20
/diagnostics/multi-split/filter-warning/,diagnostic,Безопасная первичная проверка: multi-split filter-warning,multi-split filter-warning,multi-split/filter-warning,service manual and safety review required,service-editor,draft,noindex,/diagnostics/multi-split/filter-warning/,2026-08-20,20
/diagnostics/multi-split/after-power-outage/,diagnostic,Безопасная первичная проверка: multi-split after-power-outage,multi-split after-power-outage,multi-split/after-power-outage,service manual and safety review required,service-editor,draft,noindex,/diagnostics/multi-split/after-power-outage/,2026-08-20,20
/diagnostics/multi-split/seasonal-start-problem/,diagnostic,Безопасная первичная проверка: multi-split seasonal-start-problem,multi-split seasonal-start-problem,multi-split/seasonal-start-problem,service manual and safety review required,service-editor,draft,noindex,/diagnostics/multi-split/seasonal-start-problem/,2026-08-20,20
/diagnostics/vrf/not-cooling/,diagnostic,Безопасная первичная проверка: vrf not-cooling,vrf not-cooling,vrf/not-cooling,service manual and safety review required,service-editor,draft,noindex,/diagnostics/vrf/not-cooling/,2026-08-20,20
/diagnostics/vrf/weak-airflow/,diagnostic,Безопасная первичная проверка: vrf weak-airflow,vrf weak-airflow,vrf/weak-airflow,service manual and safety review required,service-editor,draft,noindex,/diagnostics/vrf/weak-airflow/,2026-08-20,20
/diagnostics/vrf/water-leak/,diagnostic,Безопасная первичная проверка: vrf water-leak,vrf water-leak,vrf/water-leak,service manual and safety review required,service-editor,draft,noindex,/diagnostics/vrf/water-leak/,2026-08-20,20
/diagnostics/vrf/unusual-noise/,diagnostic,Безопасная первичная проверка: vrf unusual-noise,vrf unusual-noise,vrf/unusual-noise,service manual and safety review required,service-editor,draft,noindex,/diagnostics/vrf/unusual-noise/,2026-08-20,20
/diagnostics/vrf/vibration/,diagnostic,Безопасная первичная проверка: vrf vibration,vrf vibration,vrf/vibration,service manual and safety review required,service-editor,draft,noindex,/diagnostics/vrf/vibration/,2026-08-20,20
/diagnostics/vrf/bad-smell/,diagnostic,Безопасная первичная проверка: vrf bad-smell,vrf bad-smell,vrf/bad-smell,service manual and safety review required,service-editor,draft,noindex,/diagnostics/vrf/bad-smell/,2026-08-20,20
/diagnostics/vrf/not-starting/,diagnostic,Безопасная первичная проверка: vrf not-starting,vrf not-starting,vrf/not-starting,service manual and safety review required,service-editor,draft,noindex,/diagnostics/vrf/not-starting/,2026-08-20,20
/diagnostics/vrf/turns-off/,diagnostic,Безопасная первичная проверка: vrf turns-off,vrf turns-off,vrf/turns-off,service manual and safety review required,service-editor,draft,noindex,/diagnostics/vrf/turns-off/,2026-08-20,20
/diagnostics/vrf/ice-on-unit/,diagnostic,Безопасная первичная проверка: vrf ice-on-unit,vrf ice-on-unit,vrf/ice-on-unit,service manual and safety review required,service-editor,draft,noindex,/diagnostics/vrf/ice-on-unit/,2026-08-20,20
/diagnostics/vrf/error-code/,diagnostic,Безопасная первичная проверка: vrf error-code,vrf error-code,vrf/error-code,service manual and safety review required,service-editor,draft,noindex,/diagnostics/vrf/error-code/,2026-08-20,20
/diagnostics/vrf/remote-not-working/,diagnostic,Безопасная первичная проверка: vrf remote-not-working,vrf remote-not-working,vrf/remote-not-working,service manual and safety review required,service-editor,draft,noindex,/diagnostics/vrf/remote-not-working/,2026-08-20,20
/diagnostics/vrf/wifi-not-connecting/,diagnostic,Безопасная первичная проверка: vrf wifi-not-connecting,vrf wifi-not-connecting,vrf/wifi-not-connecting,service manual and safety review required,service-editor,draft,noindex,/diagnostics/vrf/wifi-not-connecting/,2026-08-20,20
/diagnostics/vrf/heating-poorly/,diagnostic,Безопасная первичная проверка: vrf heating-poorly,vrf heating-poorly,vrf/heating-poorly,service manual and safety review required,service-editor,draft,noindex,/diagnostics/vrf/heating-poorly/,2026-08-20,20
/diagnostics/vrf/outdoor-unit-noise/,diagnostic,Безопасная первичная проверка: vrf outdoor-unit-noise,vrf outdoor-unit-noise,vrf/outdoor-unit-noise,service manual and safety review required,service-editor,draft,noindex,/diagnostics/vrf/outdoor-unit-noise/,2026-08-20,20
/diagnostics/vrf/high-electricity-use/,diagnostic,Безопасная первичная проверка: vrf high-electricity-use,vrf high-electricity-use,vrf/high-electricity-use,service manual and safety review required,service-editor,draft,noindex,/diagnostics/vrf/high-electricity-use/,2026-08-20,20
/diagnostics/vrf/frequent-cycling/,diagnostic,Безопасная первичная проверка: vrf frequent-cycling,vrf frequent-cycling,vrf/frequent-cycling,service manual and safety review required,service-editor,draft,noindex,/diagnostics/vrf/frequent-cycling/,2026-08-20,20
/diagnostics/vrf/condensate-problem/,diagnostic,Безопасная первичная проверка: vrf condensate-problem,vrf condensate-problem,vrf/condensate-problem,service manual and safety review required,service-editor,draft,noindex,/diagnostics/vrf/condensate-problem/,2026-08-20,20
/diagnostics/vrf/filter-warning/,diagnostic,Безопасная первичная проверка: vrf filter-warning,vrf filter-warning,vrf/filter-warning,service manual and safety review required,service-editor,draft,noindex,/diagnostics/vrf/filter-warning/,2026-08-20,20
/diagnostics/vrf/after-power-outage/,diagnostic,Безопасная первичная проверка: vrf after-power-outage,vrf after-power-outage,vrf/after-power-outage,service manual and safety review required,service-editor,draft,noindex,/diagnostics/vrf/after-power-outage/,2026-08-20,20
/diagnostics/vrf/seasonal-start-problem/,diagnostic,Безопасная первичная проверка: vrf seasonal-start-problem,vrf seasonal-start-problem,vrf/seasonal-start-problem,service manual and safety review required,service-editor,draft,noindex,/diagnostics/vrf/seasonal-start-problem/,2026-08-20,20
/diagnostics/duct/not-cooling/,diagnostic,Безопасная первичная проверка: duct not-cooling,duct not-cooling,duct/not-cooling,service manual and safety review required,service-editor,draft,noindex,/diagnostics/duct/not-cooling/,2026-08-20,20
/diagnostics/duct/weak-airflow/,diagnostic,Безопасная первичная проверка: duct weak-airflow,duct weak-airflow,duct/weak-airflow,service manual and safety review required,service-editor,draft,noindex,/diagnostics/duct/weak-airflow/,2026-08-20,20
/diagnostics/duct/water-leak/,diagnostic,Безопасная первичная проверка: duct water-leak,duct water-leak,duct/water-leak,service manual and safety review required,service-editor,draft,noindex,/diagnostics/duct/water-leak/,2026-08-20,20
/diagnostics/duct/unusual-noise/,diagnostic,Безопасная первичная проверка: duct unusual-noise,duct unusual-noise,duct/unusual-noise,service manual and safety review required,service-editor,draft,noindex,/diagnostics/duct/unusual-noise/,2026-08-20,20
/diagnostics/duct/vibration/,diagnostic,Безопасная первичная проверка: duct vibration,duct vibration,duct/vibration,service manual and safety review required,service-editor,draft,noindex,/diagnostics/duct/vibration/,2026-08-20,20
/diagnostics/duct/bad-smell/,diagnostic,Безопасная первичная проверка: duct bad-smell,duct bad-smell,duct/bad-smell,service manual and safety review required,service-editor,draft,noindex,/diagnostics/duct/bad-smell/,2026-08-20,20
/diagnostics/duct/not-starting/,diagnostic,Безопасная первичная проверка: duct not-starting,duct not-starting,duct/not-starting,service manual and safety review required,service-editor,draft,noindex,/diagnostics/duct/not-starting/,2026-08-20,20
/diagnostics/duct/turns-off/,diagnostic,Безопасная первичная проверка: duct turns-off,duct turns-off,duct/turns-off,service manual and safety review required,service-editor,draft,noindex,/diagnostics/duct/turns-off/,2026-08-20,20
/diagnostics/duct/ice-on-unit/,diagnostic,Безопасная первичная проверка: duct ice-on-unit,duct ice-on-unit,duct/ice-on-unit,service manual and safety review required,service-editor,draft,noindex,/diagnostics/duct/ice-on-unit/,2026-08-20,20
/diagnostics/duct/error-code/,diagnostic,Безопасная первичная проверка: duct error-code,duct error-code,duct/error-code,service manual and safety review required,service-editor,draft,noindex,/diagnostics/duct/error-code/,2026-08-20,20
/diagnostics/duct/remote-not-working/,diagnostic,Безопасная первичная проверка: duct remote-not-working,duct remote-not-working,duct/remote-not-working,service manual and safety review required,service-editor,draft,noindex,/diagnostics/duct/remote-not-working/,2026-08-20,20
/diagnostics/duct/wifi-not-connecting/,diagnostic,Безопасная первичная проверка: duct wifi-not-connecting,duct wifi-not-connecting,duct/wifi-not-connecting,service manual and safety review required,service-editor,draft,noindex,/diagnostics/duct/wifi-not-connecting/,2026-08-20,20
/diagnostics/duct/heating-poorly/,diagnostic,Безопасная первичная проверка: duct heating-poorly,duct heating-poorly,duct/heating-poorly,service manual and safety review required,service-editor,draft,noindex,/diagnostics/duct/heating-poorly/,2026-08-20,20
/diagnostics/duct/outdoor-unit-noise/,diagnostic,Безопасная первичная проверка: duct outdoor-unit-noise,duct outdoor-unit-noise,duct/outdoor-unit-noise,service manual and safety review required,service-editor,draft,noindex,/diagnostics/duct/outdoor-unit-noise/,2026-08-20,20
/diagnostics/duct/high-electricity-use/,diagnostic,Безопасная первичная проверка: duct high-electricity-use,duct high-electricity-use,duct/high-electricity-use,service manual and safety review required,service-editor,draft,noindex,/diagnostics/duct/high-electricity-use/,2026-08-20,20
/diagnostics/duct/frequent-cycling/,diagnostic,Безопасная первичная проверка: duct frequent-cycling,duct frequent-cycling,duct/frequent-cycling,service manual and safety review required,service-editor,draft,noindex,/diagnostics/duct/frequent-cycling/,2026-08-20,20
/diagnostics/duct/condensate-problem/,diagnostic,Безопасная первичная проверка: duct condensate-problem,duct condensate-problem,duct/condensate-problem,service manual and safety review required,service-editor,draft,noindex,/diagnostics/duct/condensate-problem/,2026-08-20,20
/diagnostics/duct/filter-warning/,diagnostic,Безопасная первичная проверка: duct filter-warning,duct filter-warning,duct/filter-warning,service manual and safety review required,service-editor,draft,noindex,/diagnostics/duct/filter-warning/,2026-08-20,20
/diagnostics/duct/after-power-outage/,diagnostic,Безопасная первичная проверка: duct after-power-outage,duct after-power-outage,duct/after-power-outage,service manual and safety review required,service-editor,draft,noindex,/diagnostics/duct/after-power-outage/,2026-08-20,20
/diagnostics/duct/seasonal-start-problem/,diagnostic,Безопасная первичная проверка: duct seasonal-start-problem,duct seasonal-start-problem,duct/seasonal-start-problem,service manual and safety review required,service-editor,draft,noindex,/diagnostics/duct/seasonal-start-problem/,2026-08-20,20
/diagnostics/cassette/not-cooling/,diagnostic,Безопасная первичная проверка: cassette not-cooling,cassette not-cooling,cassette/not-cooling,service manual and safety review required,service-editor,draft,noindex,/diagnostics/cassette/not-cooling/,2026-08-20,20
/diagnostics/cassette/weak-airflow/,diagnostic,Безопасная первичная проверка: cassette weak-airflow,cassette weak-airflow,cassette/weak-airflow,service manual and safety review required,service-editor,draft,noindex,/diagnostics/cassette/weak-airflow/,2026-08-20,20
/diagnostics/cassette/water-leak/,diagnostic,Безопасная первичная проверка: cassette water-leak,cassette water-leak,cassette/water-leak,service manual and safety review required,service-editor,draft,noindex,/diagnostics/cassette/water-leak/,2026-08-20,20
/diagnostics/cassette/unusual-noise/,diagnostic,Безопасная первичная проверка: cassette unusual-noise,cassette unusual-noise,cassette/unusual-noise,service manual and safety review required,service-editor,draft,noindex,/diagnostics/cassette/unusual-noise/,2026-08-20,20
/diagnostics/cassette/vibration/,diagnostic,Безопасная первичная проверка: cassette vibration,cassette vibration,cassette/vibration,service manual and safety review required,service-editor,draft,noindex,/diagnostics/cassette/vibration/,2026-08-20,20
/diagnostics/cassette/bad-smell/,diagnostic,Безопасная первичная проверка: cassette bad-smell,cassette bad-smell,cassette/bad-smell,service manual and safety review required,service-editor,draft,noindex,/diagnostics/cassette/bad-smell/,2026-08-20,20
/diagnostics/cassette/not-starting/,diagnostic,Безопасная первичная проверка: cassette not-starting,cassette not-starting,cassette/not-starting,service manual and safety review required,service-editor,draft,noindex,/diagnostics/cassette/not-starting/,2026-08-20,20
/diagnostics/cassette/turns-off/,diagnostic,Безопасная первичная проверка: cassette turns-off,cassette turns-off,cassette/turns-off,service manual and safety review required,service-editor,draft,noindex,/diagnostics/cassette/turns-off/,2026-08-20,20
/diagnostics/cassette/ice-on-unit/,diagnostic,Безопасная первичная проверка: cassette ice-on-unit,cassette ice-on-unit,cassette/ice-on-unit,service manual and safety review required,service-editor,draft,noindex,/diagnostics/cassette/ice-on-unit/,2026-08-20,20
/diagnostics/cassette/error-code/,diagnostic,Безопасная первичная проверка: cassette error-code,cassette error-code,cassette/error-code,service manual and safety review required,service-editor,draft,noindex,/diagnostics/cassette/error-code/,2026-08-20,20
/diagnostics/cassette/remote-not-working/,diagnostic,Безопасная первичная проверка: cassette remote-not-working,cassette remote-not-working,cassette/remote-not-working,service manual and safety review required,service-editor,draft,noindex,/diagnostics/cassette/remote-not-working/,2026-08-20,20
/diagnostics/cassette/wifi-not-connecting/,diagnostic,Безопасная первичная проверка: cassette wifi-not-connecting,cassette wifi-not-connecting,cassette/wifi-not-connecting,service manual and safety review required,service-editor,draft,noindex,/diagnostics/cassette/wifi-not-connecting/,2026-08-20,20
/diagnostics/cassette/heating-poorly/,diagnostic,Безопасная первичная проверка: cassette heating-poorly,cassette heating-poorly,cassette/heating-poorly,service manual and safety review required,service-editor,draft,noindex,/diagnostics/cassette/heating-poorly/,2026-08-20,20
/diagnostics/cassette/outdoor-unit-noise/,diagnostic,Безопасная первичная проверка: cassette outdoor-unit-noise,cassette outdoor-unit-noise,cassette/outdoor-unit-noise,service manual and safety review required,service-editor,draft,noindex,/diagnostics/cassette/outdoor-unit-noise/,2026-08-20,20
/diagnostics/cassette/high-electricity-use/,diagnostic,Безопасная первичная проверка: cassette high-electricity-use,cassette high-electricity-use,cassette/high-electricity-use,service manual and safety review required,service-editor,draft,noindex,/diagnostics/cassette/high-electricity-use/,2026-08-20,20
/diagnostics/cassette/frequent-cycling/,diagnostic,Безопасная первичная проверка: cassette frequent-cycling,cassette frequent-cycling,cassette/frequent-cycling,service manual and safety review required,service-editor,draft,noindex,/diagnostics/cassette/frequent-cycling/,2026-08-20,20
/diagnostics/cassette/condensate-problem/,diagnostic,Безопасная первичная проверка: cassette condensate-problem,cassette condensate-problem,cassette/condensate-problem,service manual and safety review required,service-editor,draft,noindex,/diagnostics/cassette/condensate-problem/,2026-08-20,20
/diagnostics/cassette/filter-warning/,diagnostic,Безопасная первичная проверка: cassette filter-warning,cassette filter-warning,cassette/filter-warning,service manual and safety review required,service-editor,draft,noindex,/diagnostics/cassette/filter-warning/,2026-08-20,20
/diagnostics/cassette/after-power-outage/,diagnostic,Безопасная первичная проверка: cassette after-power-outage,cassette after-power-outage,cassette/after-power-outage,service manual and safety review required,service-editor,draft,noindex,/diagnostics/cassette/after-power-outage/,2026-08-20,20
/diagnostics/cassette/seasonal-start-problem/,diagnostic,Безопасная первичная проверка: cassette seasonal-start-problem,cassette seasonal-start-problem,cassette/seasonal-start-problem,service manual and safety review required,service-editor,draft,noindex,/diagnostics/cassette/seasonal-start-problem/,2026-08-20,20
/glossary/airflow/,glossary,Определение и инженерная роль: airflow,airflow,airflow,technical definition source required,engineering-editor,draft,noindex,/glossary/airflow/,2026-08-20,20
/glossary/bms/,glossary,Определение и инженерная роль: bms,bms,bms,technical definition source required,engineering-editor,draft,noindex,/glossary/bms/,2026-08-20,20
/glossary/blue-fin/,glossary,Определение и инженерная роль: blue-fin,blue-fin,blue-fin,technical definition source required,engineering-editor,draft,noindex,/glossary/blue-fin/,2026-08-20,20
/glossary/btu/,glossary,Определение и инженерная роль: btu,btu,btu,technical definition source required,engineering-editor,draft,noindex,/glossary/btu/,2026-08-20,20
/glossary/cassette-unit/,glossary,Определение и инженерная роль: cassette-unit,cassette-unit,cassette-unit,technical definition source required,engineering-editor,draft,noindex,/glossary/cassette-unit/,2026-08-20,20
/glossary/central-controller/,glossary,Определение и инженерная роль: central-controller,central-controller,central-controller,technical definition source required,engineering-editor,draft,noindex,/glossary/central-controller/,2026-08-20,20
/glossary/coefficient-of-performance/,glossary,Определение и инженерная роль: coefficient-of-performance,coefficient-of-performance,coefficient-of-performance,technical definition source required,engineering-editor,draft,noindex,/glossary/coefficient-of-performance/,2026-08-20,20
/glossary/commissioning/,glossary,Определение и инженерная роль: commissioning,commissioning,commissioning,technical definition source required,engineering-editor,draft,noindex,/glossary/commissioning/,2026-08-20,20
/glossary/compressor/,glossary,Определение и инженерная роль: compressor,compressor,compressor,technical definition source required,engineering-editor,draft,noindex,/glossary/compressor/,2026-08-20,20
/glossary/condensate/,glossary,Определение и инженерная роль: condensate,condensate,condensate,technical definition source required,engineering-editor,draft,noindex,/glossary/condensate/,2026-08-20,20
/glossary/condensate-pump/,glossary,Определение и инженерная роль: condensate-pump,condensate-pump,condensate-pump,technical definition source required,engineering-editor,draft,noindex,/glossary/condensate-pump/,2026-08-20,20
/glossary/cooling-capacity/,glossary,Определение и инженерная роль: cooling-capacity,cooling-capacity,cooling-capacity,technical definition source required,engineering-editor,draft,noindex,/glossary/cooling-capacity/,2026-08-20,20
/glossary/cop/,glossary,Определение и инженерная роль: cop,cop,cop,technical definition source required,engineering-editor,draft,noindex,/glossary/cop/,2026-08-20,20
/glossary/dc-inverter/,glossary,Определение и инженерная роль: dc-inverter,dc-inverter,dc-inverter,technical definition source required,engineering-editor,draft,noindex,/glossary/dc-inverter/,2026-08-20,20
/glossary/dehumidification/,glossary,Определение и инженерная роль: dehumidification,dehumidification,dehumidification,technical definition source required,engineering-editor,draft,noindex,/glossary/dehumidification/,2026-08-20,20
/glossary/drainage/,glossary,Определение и инженерная роль: drainage,drainage,drainage,technical definition source required,engineering-editor,draft,noindex,/glossary/drainage/,2026-08-20,20
/glossary/duct-unit/,glossary,Определение и инженерная роль: duct-unit,duct-unit,duct-unit,technical definition source required,engineering-editor,draft,noindex,/glossary/duct-unit/,2026-08-20,20
/glossary/eer/,glossary,Определение и инженерная роль: eer,eer,eer,technical definition source required,engineering-editor,draft,noindex,/glossary/eer/,2026-08-20,20
/glossary/energy-class/,glossary,Определение и инженерная роль: energy-class,energy-class,energy-class,technical definition source required,engineering-editor,draft,noindex,/glossary/energy-class/,2026-08-20,20
/glossary/evaporator/,glossary,Определение и инженерная роль: evaporator,evaporator,evaporator,technical definition source required,engineering-editor,draft,noindex,/glossary/evaporator/,2026-08-20,20
/glossary/fresh-air/,glossary,Определение и инженерная роль: fresh-air,fresh-air,fresh-air,technical definition source required,engineering-editor,draft,noindex,/glossary/fresh-air/,2026-08-20,20
/glossary/heat-exchanger/,glossary,Определение и инженерная роль: heat-exchanger,heat-exchanger,heat-exchanger,technical definition source required,engineering-editor,draft,noindex,/glossary/heat-exchanger/,2026-08-20,20
/glossary/heat-pump/,glossary,Определение и инженерная роль: heat-pump,heat-pump,heat-pump,technical definition source required,engineering-editor,draft,noindex,/glossary/heat-pump/,2026-08-20,20
/glossary/heat-recovery/,glossary,Определение и инженерная роль: heat-recovery,heat-recovery,heat-recovery,technical definition source required,engineering-editor,draft,noindex,/glossary/heat-recovery/,2026-08-20,20
/glossary/heating-capacity/,glossary,Определение и инженерная роль: heating-capacity,heating-capacity,heating-capacity,technical definition source required,engineering-editor,draft,noindex,/glossary/heating-capacity/,2026-08-20,20
/glossary/height-difference/,glossary,Определение и инженерная роль: height-difference,height-difference,height-difference,technical definition source required,engineering-editor,draft,noindex,/glossary/height-difference/,2026-08-20,20
/glossary/hydrobox/,glossary,Определение и инженерная роль: hydrobox,hydrobox,hydrobox,technical definition source required,engineering-editor,draft,noindex,/glossary/hydrobox/,2026-08-20,20
/glossary/i-feel/,glossary,Определение и инженерная роль: i-feel,i-feel,i-feel,technical definition source required,engineering-editor,draft,noindex,/glossary/i-feel/,2026-08-20,20
/glossary/indoor-unit/,glossary,Определение и инженерная роль: indoor-unit,indoor-unit,indoor-unit,technical definition source required,engineering-editor,draft,noindex,/glossary/indoor-unit/,2026-08-20,20
/glossary/inverter/,glossary,Определение и инженерная роль: inverter,inverter,inverter,technical definition source required,engineering-editor,draft,noindex,/glossary/inverter/,2026-08-20,20
/glossary/maximum-pipe-length/,glossary,Определение и инженерная роль: maximum-pipe-length,maximum-pipe-length,maximum-pipe-length,technical definition source required,engineering-editor,draft,noindex,/glossary/maximum-pipe-length/,2026-08-20,20
/glossary/modbus/,glossary,Определение и инженерная роль: modbus,modbus,modbus,technical definition source required,engineering-editor,draft,noindex,/glossary/modbus/,2026-08-20,20
/glossary/multi-split/,glossary,Определение и инженерная роль: multi-split,multi-split,multi-split,technical definition source required,engineering-editor,draft,noindex,/glossary/multi-split/,2026-08-20,20
/glossary/noise-level/,glossary,Определение и инженерная роль: noise-level,noise-level,noise-level,technical definition source required,engineering-editor,draft,noindex,/glossary/noise-level/,2026-08-20,20
/glossary/on-off/,glossary,Определение и инженерная роль: on-off,on-off,on-off,technical definition source required,engineering-editor,draft,noindex,/glossary/on-off/,2026-08-20,20
/glossary/outdoor-unit/,glossary,Определение и инженерная роль: outdoor-unit,outdoor-unit,outdoor-unit,technical definition source required,engineering-editor,draft,noindex,/glossary/outdoor-unit/,2026-08-20,20
/glossary/pressure-testing/,glossary,Определение и инженерная роль: pressure-testing,pressure-testing,pressure-testing,technical definition source required,engineering-editor,draft,noindex,/glossary/pressure-testing/,2026-08-20,20
/glossary/refrigerant/,glossary,Определение и инженерная роль: refrigerant,refrigerant,refrigerant,technical definition source required,engineering-editor,draft,noindex,/glossary/refrigerant/,2026-08-20,20
/glossary/refrigerant-charge/,glossary,Определение и инженерная роль: refrigerant-charge,refrigerant-charge,refrigerant-charge,technical definition source required,engineering-editor,draft,noindex,/glossary/refrigerant-charge/,2026-08-20,20
/glossary/refnet/,glossary,Определение и инженерная роль: refnet,refnet,refnet,technical definition source required,engineering-editor,draft,noindex,/glossary/refnet/,2026-08-20,20
/glossary/return-air/,glossary,Определение и инженерная роль: return-air,return-air,return-air,technical definition source required,engineering-editor,draft,noindex,/glossary/return-air/,2026-08-20,20
/glossary/r32/,glossary,Определение и инженерная роль: r32,r32,r32,technical definition source required,engineering-editor,draft,noindex,/glossary/r32/,2026-08-20,20
/glossary/scop/,glossary,Определение и инженерная роль: scop,scop,scop,technical definition source required,engineering-editor,draft,noindex,/glossary/scop/,2026-08-20,20
/glossary/seer/,glossary,Определение и инженерная роль: seer,seer,seer,technical definition source required,engineering-editor,draft,noindex,/glossary/seer/,2026-08-20,20
/glossary/service-access/,glossary,Определение и инженерная роль: service-access,service-access,service-access,technical definition source required,engineering-editor,draft,noindex,/glossary/service-access/,2026-08-20,20
/glossary/simultaneity-factor/,glossary,Определение и инженерная роль: simultaneity-factor,simultaneity-factor,simultaneity-factor,technical definition source required,engineering-editor,draft,noindex,/glossary/simultaneity-factor/,2026-08-20,20
/glossary/split-system/,glossary,Определение и инженерная роль: split-system,split-system,split-system,technical definition source required,engineering-editor,draft,noindex,/glossary/split-system/,2026-08-20,20
/glossary/static-pressure/,glossary,Определение и инженерная роль: static-pressure,static-pressure,static-pressure,technical definition source required,engineering-editor,draft,noindex,/glossary/static-pressure/,2026-08-20,20
/glossary/supply-air/,glossary,Определение и инженерная роль: supply-air,supply-air,supply-air,technical definition source required,engineering-editor,draft,noindex,/glossary/supply-air/,2026-08-20,20
/glossary/temperature-range/,glossary,Определение и инженерная роль: temperature-range,temperature-range,temperature-range,technical definition source required,engineering-editor,draft,noindex,/glossary/temperature-range/,2026-08-20,20
/glossary/thermal-insulation/,glossary,Определение и инженерная роль: thermal-insulation,thermal-insulation,thermal-insulation,technical definition source required,engineering-editor,draft,noindex,/glossary/thermal-insulation/,2026-08-20,20
/glossary/three-pipe-vrf/,glossary,Определение и инженерная роль: three-pipe-vrf,three-pipe-vrf,three-pipe-vrf,technical definition source required,engineering-editor,draft,noindex,/glossary/three-pipe-vrf/,2026-08-20,20
/glossary/two-pipe-vrf/,glossary,Определение и инженерная роль: two-pipe-vrf,two-pipe-vrf,two-pipe-vrf,technical definition source required,engineering-editor,draft,noindex,/glossary/two-pipe-vrf/,2026-08-20,20
/glossary/vacuuming/,glossary,Определение и инженерная роль: vacuuming,vacuuming,vacuuming,technical definition source required,engineering-editor,draft,noindex,/glossary/vacuuming/,2026-08-20,20
/glossary/ventilation/,glossary,Определение и инженерная роль: ventilation,ventilation,ventilation,technical definition source required,engineering-editor,draft,noindex,/glossary/ventilation/,2026-08-20,20
/glossary/vrf/,glossary,Определение и инженерная роль: vrf,vrf,vrf,technical definition source required,engineering-editor,draft,noindex,/glossary/vrf/,2026-08-20,20
/glossary/vrv/,glossary,Определение и инженерная роль: vrv,vrv,vrv,technical definition source required,engineering-editor,draft,noindex,/glossary/vrv/,2026-08-20,20
/glossary/wired-controller/,glossary,Определение и инженерная роль: wired-controller,wired-controller,wired-controller,technical definition source required,engineering-editor,draft,noindex,/glossary/wired-controller/,2026-08-20,20
/glossary/wireless-controller/,glossary,Определение и инженерная роль: wireless-controller,wireless-controller,wireless-controller,technical definition source required,engineering-editor,draft,noindex,/glossary/wireless-controller/,2026-08-20,20
/glossary/zoning/,glossary,Определение и инженерная роль: zoning,zoning,zoning,technical definition source required,engineering-editor,draft,noindex,/glossary/zoning/,2026-08-20,20
/cases/draft-01-apartment/,case,Шаблон реального кейса для apartment,кейс кондиционирование apartment,apartment,REAL_PROJECT_AND_PUBLICATION_CONSENT_REQUIRED,case-editor,draft,noindex,/cases/draft-01-apartment/,2026-08-20,5
/cases/draft-02-studio-apartment/,case,Шаблон реального кейса для studio-apartment,кейс кондиционирование studio-apartment,studio-apartment,REAL_PROJECT_AND_PUBLICATION_CONSENT_REQUIRED,case-editor,draft,noindex,/cases/draft-02-studio-apartment/,2026-08-20,5
/cases/draft-03-multi-room-apartment/,case,Шаблон реального кейса для multi-room-apartment,кейс кондиционирование multi-room-apartment,multi-room-apartment,REAL_PROJECT_AND_PUBLICATION_CONSENT_REQUIRED,case-editor,draft,noindex,/cases/draft-03-multi-room-apartment/,2026-08-20,5
/cases/draft-04-penthouse/,case,Шаблон реального кейса для penthouse,кейс кондиционирование penthouse,penthouse,REAL_PROJECT_AND_PUBLICATION_CONSENT_REQUIRED,case-editor,draft,noindex,/cases/draft-04-penthouse/,2026-08-20,5
/cases/draft-05-country-house/,case,Шаблон реального кейса для country-house,кейс кондиционирование country-house,country-house,REAL_PROJECT_AND_PUBLICATION_CONSENT_REQUIRED,case-editor,draft,noindex,/cases/draft-05-country-house/,2026-08-20,5
/cases/draft-06-townhouse/,case,Шаблон реального кейса для townhouse,кейс кондиционирование townhouse,townhouse,REAL_PROJECT_AND_PUBLICATION_CONSENT_REQUIRED,case-editor,draft,noindex,/cases/draft-06-townhouse/,2026-08-20,5
/cases/draft-07-cottage/,case,Шаблон реального кейса для cottage,кейс кондиционирование cottage,cottage,REAL_PROJECT_AND_PUBLICATION_CONSENT_REQUIRED,case-editor,draft,noindex,/cases/draft-07-cottage/,2026-08-20,5
/cases/draft-08-office/,case,Шаблон реального кейса для office,кейс кондиционирование office,office,REAL_PROJECT_AND_PUBLICATION_CONSENT_REQUIRED,case-editor,draft,noindex,/cases/draft-08-office/,2026-08-20,5
/cases/draft-09-open-space/,case,Шаблон реального кейса для open-space,кейс кондиционирование open-space,open-space,REAL_PROJECT_AND_PUBLICATION_CONSENT_REQUIRED,case-editor,draft,noindex,/cases/draft-09-open-space/,2026-08-20,5
/cases/draft-10-executive-office/,case,Шаблон реального кейса для executive-office,кейс кондиционирование executive-office,executive-office,REAL_PROJECT_AND_PUBLICATION_CONSENT_REQUIRED,case-editor,draft,noindex,/cases/draft-10-executive-office/,2026-08-20,5
/cases/draft-11-meeting-room/,case,Шаблон реального кейса для meeting-room,кейс кондиционирование meeting-room,meeting-room,REAL_PROJECT_AND_PUBLICATION_CONSENT_REQUIRED,case-editor,draft,noindex,/cases/draft-11-meeting-room/,2026-08-20,5
/cases/draft-12-server-room/,case,Шаблон реального кейса для server-room,кейс кондиционирование server-room,server-room,REAL_PROJECT_AND_PUBLICATION_CONSENT_REQUIRED,case-editor,draft,noindex,/cases/draft-12-server-room/,2026-08-20,5
/cases/draft-13-data-center/,case,Шаблон реального кейса для data-center,кейс кондиционирование data-center,data-center,REAL_PROJECT_AND_PUBLICATION_CONSENT_REQUIRED,case-editor,draft,noindex,/cases/draft-13-data-center/,2026-08-20,5
/cases/draft-14-retail-store/,case,Шаблон реального кейса для retail-store,кейс кондиционирование retail-store,retail-store,REAL_PROJECT_AND_PUBLICATION_CONSENT_REQUIRED,case-editor,draft,noindex,/cases/draft-14-retail-store/,2026-08-20,5
/cases/draft-15-shopping-center/,case,Шаблон реального кейса для shopping-center,кейс кондиционирование shopping-center,shopping-center,REAL_PROJECT_AND_PUBLICATION_CONSENT_REQUIRED,case-editor,draft,noindex,/cases/draft-15-shopping-center/,2026-08-20,5
/cases/draft-16-supermarket/,case,Шаблон реального кейса для supermarket,кейс кондиционирование supermarket,supermarket,REAL_PROJECT_AND_PUBLICATION_CONSENT_REQUIRED,case-editor,draft,noindex,/cases/draft-16-supermarket/,2026-08-20,5
/cases/draft-17-pharmacy/,case,Шаблон реального кейса для pharmacy,кейс кондиционирование pharmacy,pharmacy,REAL_PROJECT_AND_PUBLICATION_CONSENT_REQUIRED,case-editor,draft,noindex,/cases/draft-17-pharmacy/,2026-08-20,5
/cases/draft-18-restaurant/,case,Шаблон реального кейса для restaurant,кейс кондиционирование restaurant,restaurant,REAL_PROJECT_AND_PUBLICATION_CONSENT_REQUIRED,case-editor,draft,noindex,/cases/draft-18-restaurant/,2026-08-20,5
/cases/draft-19-cafe/,case,Шаблон реального кейса для cafe,кейс кондиционирование cafe,cafe,REAL_PROJECT_AND_PUBLICATION_CONSENT_REQUIRED,case-editor,draft,noindex,/cases/draft-19-cafe/,2026-08-20,5
/cases/draft-20-coffee-shop/,case,Шаблон реального кейса для coffee-shop,кейс кондиционирование coffee-shop,coffee-shop,REAL_PROJECT_AND_PUBLICATION_CONSENT_REQUIRED,case-editor,draft,noindex,/cases/draft-20-coffee-shop/,2026-08-20,5
/cases/draft-21-commercial-kitchen/,case,Шаблон реального кейса для commercial-kitchen,кейс кондиционирование commercial-kitchen,commercial-kitchen,REAL_PROJECT_AND_PUBLICATION_CONSENT_REQUIRED,case-editor,draft,noindex,/cases/draft-21-commercial-kitchen/,2026-08-20,5
/cases/draft-22-bakery/,case,Шаблон реального кейса для bakery,кейс кондиционирование bakery,bakery,REAL_PROJECT_AND_PUBLICATION_CONSENT_REQUIRED,case-editor,draft,noindex,/cases/draft-22-bakery/,2026-08-20,5
/cases/draft-23-hotel/,case,Шаблон реального кейса для hotel,кейс кондиционирование hotel,hotel,REAL_PROJECT_AND_PUBLICATION_CONSENT_REQUIRED,case-editor,draft,noindex,/cases/draft-23-hotel/,2026-08-20,5
/cases/draft-24-mini-hotel/,case,Шаблон реального кейса для mini-hotel,кейс кондиционирование mini-hotel,mini-hotel,REAL_PROJECT_AND_PUBLICATION_CONSENT_REQUIRED,case-editor,draft,noindex,/cases/draft-24-mini-hotel/,2026-08-20,5
/cases/draft-25-hostel/,case,Шаблон реального кейса для hostel,кейс кондиционирование hostel,hostel,REAL_PROJECT_AND_PUBLICATION_CONSENT_REQUIRED,case-editor,draft,noindex,/cases/draft-25-hostel/,2026-08-20,5
/cases/draft-26-fitness-club/,case,Шаблон реального кейса для fitness-club,кейс кондиционирование fitness-club,fitness-club,REAL_PROJECT_AND_PUBLICATION_CONSENT_REQUIRED,case-editor,draft,noindex,/cases/draft-26-fitness-club/,2026-08-20,5
/cases/draft-27-gym/,case,Шаблон реального кейса для gym,кейс кондиционирование gym,gym,REAL_PROJECT_AND_PUBLICATION_CONSENT_REQUIRED,case-editor,draft,noindex,/cases/draft-27-gym/,2026-08-20,5
/cases/draft-28-yoga-studio/,case,Шаблон реального кейса для yoga-studio,кейс кондиционирование yoga-studio,yoga-studio,REAL_PROJECT_AND_PUBLICATION_CONSENT_REQUIRED,case-editor,draft,noindex,/cases/draft-28-yoga-studio/,2026-08-20,5
/cases/draft-29-beauty-salon/,case,Шаблон реального кейса для beauty-salon,кейс кондиционирование beauty-salon,beauty-salon,REAL_PROJECT_AND_PUBLICATION_CONSENT_REQUIRED,case-editor,draft,noindex,/cases/draft-29-beauty-salon/,2026-08-20,5
/cases/draft-30-barbershop/,case,Шаблон реального кейса для barbershop,кейс кондиционирование barbershop,barbershop,REAL_PROJECT_AND_PUBLICATION_CONSENT_REQUIRED,case-editor,draft,noindex,/cases/draft-30-barbershop/,2026-08-20,5
/cases/draft-31-medical-clinic/,case,Шаблон реального кейса для medical-clinic,кейс кондиционирование medical-clinic,medical-clinic,REAL_PROJECT_AND_PUBLICATION_CONSENT_REQUIRED,case-editor,draft,noindex,/cases/draft-31-medical-clinic/,2026-08-20,5
/cases/draft-32-dental-clinic/,case,Шаблон реального кейса для dental-clinic,кейс кондиционирование dental-clinic,dental-clinic,REAL_PROJECT_AND_PUBLICATION_CONSENT_REQUIRED,case-editor,draft,noindex,/cases/draft-32-dental-clinic/,2026-08-20,5
/cases/draft-33-laboratory/,case,Шаблон реального кейса для laboratory,кейс кондиционирование laboratory,laboratory,REAL_PROJECT_AND_PUBLICATION_CONSENT_REQUIRED,case-editor,draft,noindex,/cases/draft-33-laboratory/,2026-08-20,5
/cases/draft-34-school/,case,Шаблон реального кейса для school,кейс кондиционирование school,school,REAL_PROJECT_AND_PUBLICATION_CONSENT_REQUIRED,case-editor,draft,noindex,/cases/draft-34-school/,2026-08-20,5
/cases/draft-35-kindergarten/,case,Шаблон реального кейса для kindergarten,кейс кондиционирование kindergarten,kindergarten,REAL_PROJECT_AND_PUBLICATION_CONSENT_REQUIRED,case-editor,draft,noindex,/cases/draft-35-kindergarten/,2026-08-20,5
/cases/draft-36-university/,case,Шаблон реального кейса для university,кейс кондиционирование university,university,REAL_PROJECT_AND_PUBLICATION_CONSENT_REQUIRED,case-editor,draft,noindex,/cases/draft-36-university/,2026-08-20,5
/cases/draft-37-warehouse/,case,Шаблон реального кейса для warehouse,кейс кондиционирование warehouse,warehouse,REAL_PROJECT_AND_PUBLICATION_CONSENT_REQUIRED,case-editor,draft,noindex,/cases/draft-37-warehouse/,2026-08-20,5
/cases/draft-38-cold-warehouse/,case,Шаблон реального кейса для cold-warehouse,кейс кондиционирование cold-warehouse,cold-warehouse,REAL_PROJECT_AND_PUBLICATION_CONSENT_REQUIRED,case-editor,draft,noindex,/cases/draft-38-cold-warehouse/,2026-08-20,5
/cases/draft-39-distribution-center/,case,Шаблон реального кейса для distribution-center,кейс кондиционирование distribution-center,distribution-center,REAL_PROJECT_AND_PUBLICATION_CONSENT_REQUIRED,case-editor,draft,noindex,/cases/draft-39-distribution-center/,2026-08-20,5
/cases/draft-40-workshop/,case,Шаблон реального кейса для workshop,кейс кондиционирование workshop,workshop,REAL_PROJECT_AND_PUBLICATION_CONSENT_REQUIRED,case-editor,draft,noindex,/cases/draft-40-workshop/,2026-08-20,5
/contacts/,system,Служебная или коммерческая страница contacts,contacts,contacts,business/legal data required,owner,draft,noindex,/contacts/,2026-08-20,20
/delivery/,system,Служебная или коммерческая страница delivery,delivery,delivery,business/legal data required,owner,draft,noindex,/delivery/,2026-08-20,20
/payment/,system,Служебная или коммерческая страница payment,payment,payment,business/legal data required,owner,draft,noindex,/payment/,2026-08-20,20
/warranty/,system,Служебная или коммерческая страница warranty,warranty,warranty,business/legal data required,owner,draft,noindex,/warranty/,2026-08-20,20
/returns/,system,Служебная или коммерческая страница returns,returns,returns,business/legal data required,owner,draft,noindex,/returns/,2026-08-20,20
/privacy/,system,Служебная или коммерческая страница privacy,privacy,privacy,business/legal data required,owner,draft,noindex,/privacy/,2026-08-20,20
/personal-data-consent/,system,Служебная или коммерческая страница personal-data-consent,personal-data-consent,personal-data-consent,business/legal data required,owner,draft,noindex,/personal-data-consent/,2026-08-20,20
/cookies/,system,Служебная или коммерческая страница cookies,cookies,cookies,business/legal data required,owner,draft,noindex,/cookies/,2026-08-20,20
/legal-information/,system,Служебная или коммерческая страница legal-information,legal-information,legal-information,business/legal data required,owner,draft,noindex,/legal-information/,2026-08-20,20
/accessibility/,system,Служебная или коммерческая страница accessibility,accessibility,accessibility,business/legal data required,owner,draft,noindex,/accessibility/,2026-08-20,20
/editorial-policy/,system,Служебная или коммерческая страница editorial-policy,editorial-policy,editorial-policy,business/legal data required,owner,draft,noindex,/editorial-policy/,2026-08-20,20
/data-sources/,system,Служебная или коммерческая страница data-sources,data-sources,data-sources,business/legal data required,owner,draft,noindex,/data-sources/,2026-08-20,20
/quality-policy/,system,Служебная или коммерческая страница quality-policy,quality-policy,quality-policy,business/legal data required,owner,draft,noindex,/quality-policy/,2026-08-20,20
/authors/,system,Служебная или коммерческая страница authors,authors,authors,business/legal data required,owner,draft,noindex,/authors/,2026-08-20,20
/sitemap/,system,Служебная или коммерческая страница sitemap,sitemap,sitemap,business/legal data required,owner,draft,noindex,/sitemap/,2026-08-20,20
/search/,system,Служебная или коммерческая страница search,search,search,business/legal data required,owner,draft,noindex,/search/,2026-08-20,20
/favorites/,system,Служебная или коммерческая страница favorites,favorites,favorites,business/legal data required,owner,draft,noindex,/favorites/,2026-08-20,20
/compare/,system,Служебная или коммерческая страница compare,compare,compare,business/legal data required,owner,draft,noindex,/compare/,2026-08-20,20
/calculator/,system,Служебная или коммерческая страница calculator,calculator,calculator,business/legal data required,owner,draft,noindex,/calculator/,2026-08-20,20
/vrf-brief/,system,Служебная или коммерческая страница vrf-brief,vrf-brief,vrf-brief,business/legal data required,owner,draft,noindex,/vrf-brief/,2026-08-20,20
/request/,system,Служебная или коммерческая страница request,request,request,business/legal data required,owner,draft,noindex,/request/,2026-08-20,20
/documents/,system,Служебная или коммерческая страница documents,documents,documents,business/legal data required,owner,draft,noindex,/documents/,2026-08-20,20
/certificates/,system,Служебная или коммерческая страница certificates,certificates,certificates,business/legal data required,owner,draft,noindex,/certificates/,2026-08-20,20
/new-2026/,system,Служебная или коммерческая страница new-2026,new-2026,new-2026,business/legal data required,owner,draft,noindex,/new-2026/,2026-08-20,20
/faq/,system,Служебная или коммерческая страница faq,faq,faq,business/legal data required,owner,draft,noindex,/faq/,2026-08-20,20
/for-partners/,system,Служебная или коммерческая страница for-partners,for-partners,for-partners,business/legal data required,owner,draft,noindex,/for-partners/,2026-08-20,20
/service-regulations/,system,Служебная или коммерческая страница service-regulations,service-regulations,service-regulations,business/legal data required,owner,draft,noindex,/service-regulations/,2026-08-20,20
/not-found-help/,system,Служебная или коммерческая страница not-found-help,not-found-help,not-found-help,business/legal data required,owner,draft,noindex,/not-found-help/,2026-08-20,20
